ds,yhat,yhat_lower,yhat_upper
2025-01-04 18:29:25,36.93018377972504,34.40064607980102,39.31173482590823
2025-01-04 18:32:06,36.98329851126848,34.587386093448266,39.57505694624598
2025-01-05 15:54:51,34.75130383672659,32.309293097961486,37.181305595991994
2025-01-05 16:09:42,34.93140576503368,32.361674091594,37.221559680838844
2025-01-05 16:24:42,35.12347503799146,32.47962407940335,37.40460932857627
2025-01-05 16:39:42,35.327516876678004,32.99947691779144,37.680951228752186
2025-01-05 16:54:42,35.54422610168256,33.23086559077261,37.901667554868865
2025-01-05 17:09:42,35.77307438783204,33.32777185650262,38.19079853399574
2025-01-05 17:24:42,36.0122456226085,33.41135867325077,38.536088441255885
2025-01-05 17:39:42,36.25864819715167,33.772649181658366,38.73105550502149
2025-01-05 17:54:42,36.50800506775423,33.97027541874414,38.95765526160135
2025-01-05 18:09:42,36.755017843997784,34.36634865875257,39.40843914242203
2025-01-05 18:24:42,36.993596760691986,34.58893552602623,39.45081231373075
2025-01-05 18:39:42,37.21714443877643,34.830960618101074,39.51346581537079
2025-01-05 18:54:42,37.41887807752175,34.84366849435925,40.06026580706992
2025-01-05 19:09:42,37.592172350527925,35.18906865971329,40.05932606732718
2025-01-05 20:34:25,37.80088573236975,35.31522640649199,40.22305056876517
2025-01-05 20:49:20,37.683744609680424,35.16222286278307,40.13241225374272
2025-01-05 21:04:20,37.52239702093218,35.142850819803044,39.89229336926863
2025-01-05 21:19:20,37.32188416772425,35.06868999378916,39.759567027506385
2025-01-05 21:34:20,37.08802856763564,34.69866851474536,39.56940322527321
2025-01-05 21:49:21,36.827407742926134,34.586254489677145,39.44360084274482
2025-01-05 22:04:20,36.548559238219525,34.200871884416124,38.923588334425745
2025-01-05 22:19:20,36.258635214514975,33.798322733944545,38.652649028853915
2025-01-05 22:34:20,35.96606578444685,33.54397607181446,38.25612867301427
2025-01-05 22:49:20,35.678707914301384,33.35280293522945,38.139007993729
2025-01-05 23:04:20,35.403822296154786,33.0984054778053,37.80047320179123
2025-01-05 23:19:20,35.147785855718624,32.65061061881379,37.546824575042606
2025-01-05 23:34:20,34.91585450638081,32.572180366091374,37.37222130144231
2025-01-05 23:49:20,34.71198636831469,32.35497115273965,37.22131106836721
2025-01-06 00:04:20,34.5387319750195,32.151734407589196,36.93754166450766
2025-01-06 00:19:20,34.39719404474837,31.93922697063463,36.78289424198276
2025-01-06 00:34:20,34.287055457949826,31.93929548709155,36.841590415386364
2025-01-21 08:25:29,31.291951918318357,28.8792166832494,33.747138122286934
2025-01-21 08:40:21,31.065974228667837,28.62143956774003,33.239099320996615
2025-01-21 08:55:21,30.864959871176612,28.342594224583323,33.31003512221351
2025-01-21 09:10:21,30.69531660284983,28.33236086635159,33.232526444071524
2025-01-21 09:25:21,30.56085566705856,28.0960032722508,33.01976491997194
2025-01-21 09:40:21,30.46476667602532,28.071252649917387,32.90346907927658
2025-01-21 09:55:21,30.409467490319933,28.202646916872308,33.003830791383606
2025-01-21 10:10:21,30.396473051800974,28.008317086743848,32.9128327697763
2025-01-21 10:25:21,30.42629307587263,28.05805377473683,32.508899536475894
2025-01-21 10:40:21,30.498367497091067,28.17096020776059,32.89248672786069
2025-01-21 10:55:21,30.61104683484566,28.270007562170367,33.06679648572386
2025-01-21 11:10:21,30.761622294629664,28.282984484184936,33.150971870786094
2025-01-21 11:25:21,30.94640757996443,28.631908873342542,33.3684644243069
2025-01-21 11:40:21,31.160871240643136,28.837836395364263,33.80486751013207
2025-01-21 11:55:21,31.39981512782753,29.00773093584321,33.85450756862242
2025-01-21 12:10:21,31.65759138955432,29.347777551711086,34.26294101019204
2025-01-21 12:25:21,31.9283472448682,29.43333521482657,34.459602632511704
2025-01-21 12:40:21,32.20628684269049,29.77229765027101,34.58830354296656
2025-01-21 12:55:21,32.48593214076764,30.085374989043288,34.96715496057499
2025-01-21 13:10:21,32.7623717869043,30.257069636774816,35.2247312683609
2025-01-21 13:25:21,33.03148138473858,30.544120775869786,35.53214544951964
2025-01-21 13:40:21,33.29010200514832,30.78864075053737,35.63581662245501
2025-01-21 13:55:21,33.536165462465924,31.093863671147,35.900499265505665
2025-01-21 14:10:21,33.76875772099229,31.391582119295816,36.320924219218426
2025-01-21 14:25:21,33.988115264228995,31.757624008622635,36.49769520469535
2025-01-21 14:40:21,34.195553162890185,31.78325756245193,36.456197864383135
2025-01-21 14:55:21,34.39332766770423,31.79781398488935,36.94246511292319
2025-01-21 15:10:21,34.584440182460774,32.07275670460561,36.96117554777176
2025-01-21 15:25:21,34.772393174105815,32.59015514727892,37.33742072007317
2025-01-21 15:40:21,34.960911729632414,32.53515564499081,37.49414831335812
2025-01-21 15:55:21,35.153646838572,32.769945415142026,37.49902828592735
2025-01-21 16:10:22,35.35410562107123,32.897568091442224,37.653897103604486
2025-01-21 16:25:21,35.56423206457061,32.95319932006915,37.96699659496192
2025-01-21 16:55:21,36.02113636633231,33.56204526113302,38.463536149695514
2025-01-21 17:10:20,36.267451510226216,33.95212819192712,38.622001313361956
2025-01-21 17:25:21,36.52434554364144,34.19363846963034,39.1336864545559
2025-01-21 17:40:20,36.78753107524952,34.39640901475854,39.40992855322007
2025-01-21 17:55:21,37.053841681626196,34.65051980427719,39.416309021488246
2025-01-21 18:10:21,37.31704828083373,34.857438729727875,39.6928467806682
2025-01-21 18:25:21,37.57132240104158,35.14423445448695,39.95156973069279
2025-01-21 18:40:21,37.810046618227126,35.22050279023036,40.09907288565901
2025-01-21 18:55:21,38.0264330960157,35.47848981695072,40.447563879908074
2025-01-21 19:10:20,38.21367708488987,35.73073698510135,40.51694275258002
2025-01-21 19:25:20,38.366102631523376,35.90126299425374,40.67051641903986
2025-01-21 19:55:21,38.54597872559071,36.07000107403337,40.91916575823112
2025-01-21 20:10:21,38.566445327810044,36.130243166822865,40.80995897092968
2025-01-21 20:25:20,38.53856894591362,36.04282353539196,41.13112356657034
2025-01-21 20:40:20,38.4627005019638,36.01938826925928,40.971431542147094
2025-01-21 20:55:20,38.34090052342034,35.89381111262164,40.64121106181956
2025-01-21 21:10:20,38.1768034864091,35.66988950779921,40.58390135466182
2025-01-21 21:25:20,37.97547339442902,35.54098855458204,40.37512436287711
2025-01-21 21:40:20,37.74318886317234,35.11233996077588,40.29466667303821
2025-01-21 21:55:21,37.48687500121802,35.125682348843014,40.11683877929893
2025-01-21 22:10:22,37.21464544353436,34.77942224333044,39.67965796897566
2025-01-21 22:25:21,36.93528016560143,34.3249802412598,39.24014139080062
2025-01-21 22:40:20,36.6562252308965,34.09111073575544,38.9920045857048
2025-01-21 22:55:20,36.38481857872746,34.07197337577912,38.93794043208572
2025-01-21 23:10:20,36.12831433677348,33.57839296182219,38.46169754567134
2025-01-21 23:25:20,35.892669667582986,33.57700561645356,38.36071310621921
2025-01-21 23:40:20,35.68264271918686,33.18197825771837,38.162330821387116
2025-01-21 23:55:20,35.5016420680486,33.20917564422592,38.01598722721796
2025-01-22 00:10:20,35.35164465887573,32.91305399167659,37.69843643778077
2025-01-22 00:25:20,35.23318322929961,32.77027409478109,37.70452082521253
2025-01-22 00:40:20,35.14540034134892,32.917517908497096,37.70989668310677
2025-01-22 00:55:21,35.086110613802006,32.651167722372186,37.698302134946786
2025-01-22 01:10:20,35.05222386819706,32.62772721553662,37.54514745674613
2025-01-22 01:25:20,35.03943592343935,32.52100460643978,37.18892251535041
2025-01-22 01:40:20,35.04297031258572,32.74333181460372,37.50122520368144
2025-01-22 01:55:20,35.05756556455321,32.5428026895867,37.38183140872112
2025-01-22 02:10:20,35.07776779956032,32.57397202483913,37.41121111590023
2025-01-22 02:25:20,35.098158997188044,32.51386687333463,37.587581373548964
2025-01-22 02:40:20,35.11356157058087,32.689174659880294,37.383200077170066
2025-01-22 02:55:20,35.11921119282512,32.69635959460415,37.57210279379004
2025-01-22 03:10:20,35.110892546921335,32.70945801954014,37.438306307687256
2025-01-22 03:25:20,35.085035542845226,32.56862402115404,37.51860062350981
2025-01-22 03:40:20,35.0387723599353,32.67018544417614,37.47561623066842
2025-01-22 03:55:20,34.96995823012417,32.46828995081251,37.34167568159692
2025-01-22 04:10:20,34.87716100745912,32.53989679982023,37.312825940909775
2025-01-22 04:25:20,34.75962613925525,32.23041216452981,37.17702676324694
2025-01-22 04:40:20,34.61721982878516,32.14624180536352,36.83751948459918
2025-01-22 04:55:20,34.45038189231016,32.10794434528993,37.03130524788591
2025-01-22 05:10:20,34.26004818645034,31.92990628452935,36.62362625619157
2025-01-22 05:25:20,34.04759636934841,31.659747072569846,36.46697907520536
2025-01-22 05:55:20,33.56377091150918,31.18598249123721,36.007855422165576
2025-01-22 06:10:20,33.29697384803044,30.897476270656423,35.590411493902224
2025-01-22 06:25:20,33.01717363043969,30.434200028328863,35.489955228944446
2025-01-22 06:40:20,32.72745036730992,30.189029998932824,35.160163662336075
2025-01-22 06:55:20,32.431195037192055,30.059733314953043,34.91497747437754
2025-01-22 07:10:20,32.13210758779824,29.703536917460283,34.42152715148082
2025-01-22 07:25:20,31.834187568672668,29.24852271307466,34.233152805177845
2025-01-22 07:40:20,31.541711447224202,29.16571192521215,33.83758889135929
2025-01-22 07:55:20,31.259191540304833,28.71200340108707,33.60859914814254
2025-01-22 08:10:20,30.991312844246725,28.629732454721324,33.38616521107574
2025-01-22 08:25:20,30.742845863770352,28.300388410224823,33.318589781203904
2025-01-22 08:40:20,30.51853568759436,28.126636561723753,32.93710055584318
2025-01-22 08:55:20,30.32296093889826,27.86570361969875,32.62996391341259
2025-01-22 09:10:20,30.160412011283846,27.841199768313853,32.50414841366932
2025-01-22 09:25:20,30.034706321640023,27.67739672935455,32.63073865757213
2025-01-22 09:40:20,29.949038305510186,27.46777911972069,32.374482658043256
2025-01-22 09:55:20,29.90582927235398,27.477201485245406,32.27265645200756
2025-01-22 10:10:20,29.906596205180886,27.51126146666878,32.47363365713083
2025-01-22 10:25:20,29.95184940969895,27.49564451683812,32.25989677235581
2025-01-22 10:40:20,30.04102790907779,27.74464129223125,32.286784349703666
2025-01-22 10:55:20,30.172479753573363,27.765211997773413,32.57184143098297
2025-01-22 11:10:20,30.343492062615248,27.921624112328676,32.72180637276115
2025-01-22 11:25:20,30.550372779115765,27.893337008635235,32.954829298673566
2025-01-22 11:40:20,30.78858296377546,28.32076314488718,33.16637183791393
2025-01-22 11:55:20,31.052915204958193,28.45823160755255,33.60463256879713
2025-01-22 22:53:42,38.39136309177353,35.98280223708403,40.80352405379154
2025-01-22 23:08:37,38.20032478087701,35.72799718821607,40.71989999609465
2025-01-22 23:23:37,38.02821076753411,35.53726718364224,40.357870944261855
2025-01-22 23:38:37,37.88096586775717,35.503823399580156,40.18624244015967
2025-01-22 23:53:37,37.76211236886673,35.29249576627556,40.277218137116
2025-01-23 00:08:37,37.67373382627663,35.19234451310569,40.10115853581504
2025-01-23 00:23:37,37.61646749260873,35.1923383180894,39.930833700423456
2025-01-23 00:38:37,37.58955103603931,35.211009140784974,40.110342714842105
2025-01-23 00:53:37,37.590930354448744,35.035908976897076,39.85609646801498
2025-01-23 01:08:38,37.61746134615034,35.15441746984063,39.99173331510138
2025-01-23 01:23:37,37.66490058506633,34.9950611509332,40.286058799628215
2025-01-24 19:02:57,35.47462087216626,33.05383747902407,37.91044716571477
2025-01-24 19:17:52,35.61697552111086,33.182579569377424,37.76486206037637
2025-01-24 19:32:53,35.72411116174524,33.38377561680226,38.176100833810985
2025-01-24 19:47:52,35.79012073491983,33.33603636543641,38.23907881802391
2025-01-24 20:02:52,35.81182086691999,33.41067835307666,38.257209701308426
2025-01-24 20:17:52,35.7871011539983,33.27789755846626,38.28834687370993
2025-01-24 20:32:52,35.7155416185106,33.304579119475285,38.259844992135754
2025-01-24 20:47:52,35.598369650207445,33.236223527897266,38.129239864433416
2025-01-24 21:02:52,35.438391743958086,33.08049430667102,37.80135427446404
2025-01-24 21:17:52,35.24000615184212,32.782925139202824,37.67425037345481
2025-01-24 21:32:52,35.00889971499142,32.58706073115173,37.40490304999881
2025-01-24 21:47:52,34.7518418315986,32.38696396060048,37.19350494363455
2025-01-24 22:02:52,34.47638768461016,32.06620643744713,37.0324363893451
2025-01-24 22:17:52,34.190547104867385,31.87624284571,36.708123175318235
2025-01-24 22:32:52,33.90243675360364,31.53785887827531,36.2575275172459
2025-01-24 22:47:52,33.61993383887018,31.15365535612226,35.94967044586909
2025-01-24 23:02:52,33.350349047092415,30.98606496506671,35.7987688546223
2025-01-24 23:17:52,33.100134829628544,30.609231314715746,35.4045712708842
2025-01-24 23:32:52,32.87464275787305,30.53778247796547,35.310414789305156
2025-01-24 23:47:52,32.6779404995732,30.093942581622017,35.02627046413273
2025-01-25 00:02:52,32.51269531719657,30.041837496405034,34.83563787845853
2025-01-25 00:17:52,32.38012705574449,29.955259998601548,34.80551267692587
2025-01-25 00:32:52,32.28002963789068,30.1862303448822,34.75055688575871
2025-01-25 00:47:52,32.21085635967349,29.716892676255323,34.76145651604422
2025-01-25 01:02:52,32.16982475011052,29.649608468863917,34.681142796293514
2025-01-25 01:17:52,32.15321162347388,29.75688341198806,34.51547421792413
2025-01-25 01:32:52,32.15646330478186,29.693862874196906,34.60084767562104
2025-01-25 01:47:52,32.17447003892853,29.661177521674507,34.577087689726476
2025-01-25 02:02:52,32.20180968977009,29.88921444166922,34.596842065571316
2025-01-25 02:17:52,32.232984077809846,29.753776763854464,34.688577532982386
2025-01-25 02:32:52,32.26263654615391,29.775888063594937,34.5891660248239
2025-01-25 02:47:52,32.28574146527674,29.71230153628848,34.80970168412618
2025-01-25 03:02:52,32.29775895939498,29.677303359487073,34.89437269882498
2025-01-25 03:17:52,32.294750962591685,30.05538871805564,34.70558352579592
2025-01-25 03:32:52,32.27345758282811,29.747037074052745,34.727465641115614
2025-01-25 03:47:52,32.23133545886091,29.812300363746033,34.56730705670439
2025-01-25 04:02:52,32.166562158352434,29.49583289162937,34.56294744251313
2025-01-25 04:17:52,32.07801252835908,29.659732389598197,34.244731870635405
2025-01-25 04:32:52,31.965214159570046,29.611751133545045,34.43460730067734
2025-01-25 04:47:52,31.828289705269693,29.358567921965506,34.217394162374944
2025-01-25 05:02:52,31.667867546883905,29.26517459084377,34.08649890551324
2025-01-25 05:17:52,31.485098405435828,29.08601457068936,33.92446268915635
2025-01-25 05:32:52,31.281522062095597,28.87918708228253,33.780135039134585
2025-01-25 05:47:52,31.059049480105536,28.7473397586629,33.50892428002215
2025-01-25 06:02:52,30.819931500994716,28.389944100577353,33.177042380860115
2025-01-25 06:17:52,30.566740078171378,28.210473979316717,32.914675973856895
2025-01-25 06:32:52,30.302359900764593,27.883722024607955,32.65794630017319
2025-01-25 06:47:52,30.029986562532088,27.695913293293426,32.51138599641873
2025-01-25 07:02:52,29.753126153707612,27.3273811423078,32.211531300575786
2025-01-25 07:17:52,29.475590402777925,26.928660025697095,31.889839287227105
2025-01-25 07:32:52,29.201481353952694,26.850463959611254,31.859982993964092
2025-01-25 07:47:52,28.935160046947388,26.48002169662299,31.391011596215975
2025-01-25 08:02:52,28.681194744554855,26.271335845542335,31.056020437858308
2025-01-25 08:17:52,28.444285853075606,26.096857470541856,31.00837460608726
2025-01-25 08:32:52,28.22916668407848,25.966247923534045,30.68235215559434
2025-01-25 08:47:52,28.040481448853466,25.724640010076453,30.37560278976256
2025-01-25 09:02:52,27.88262959379493,25.434335347442666,30.18875903932747
2025-01-25 09:17:52,27.759655382788473,25.25489613423233,30.398977480153356
2025-01-25 09:32:52,27.675044510890043,25.357447029528238,30.105193635721985
2025-01-25 09:47:52,27.631582967907914,25.3089360810113,30.209765589843666
2025-01-25 10:02:52,27.631215168955436,25.28705514485175,30.031314356269796
2025-01-25 10:17:52,27.674926083123317,25.226015647047678,30.191981906451673
2025-01-25 10:32:52,27.76265685237985,25.42871793249824,30.35796638695413
2025-01-25 10:47:52,27.89326201295287,25.671245407515258,30.244985952465374
2025-01-25 11:02:52,28.064514379192246,25.61599839136028,30.311026049297396
2025-01-25 11:17:52,28.273161032820205,25.778220763893156,30.612719456498326
2025-01-25 11:32:52,28.51503083968015,26.069156254840582,30.838085467630993
2025-01-25 11:47:52,28.78519068927803,26.33210600856844,31.195813431597763
2025-01-25 12:02:52,29.078144426738966,26.726897791206607,31.425288351423692
2025-02-07 21:26:13,34.675095956206654,32.27168833025852,36.917307457693
2025-02-07 21:27:56,34.64822643880212,32.31567814524843,37.1695370928289
2025-02-07 21:42:53,34.39969521709323,32.14616402632501,36.82594498117732
2025-02-07 21:57:51,34.13002070326555,31.725888108729027,36.657707654774136
2025-02-07 22:12:51,33.84682912485986,31.299286502454745,36.31679710493769
2025-02-07 22:27:51,33.55866294016595,31.18983650234841,35.997199628914885
2025-02-07 22:42:51,33.27351714536393,30.7743374633526,35.428469247215475
2025-02-07 22:57:51,32.998926423047386,30.481471567113356,35.38031225011155
2025-02-07 23:12:51,32.74165994150929,30.441745940968328,35.15529146906183
2025-02-07 23:27:51,32.50746095600644,30.003009176317363,34.93544024932061
2025-02-07 23:42:51,32.30084288750401,29.904438197824067,34.77827677476321
2025-02-07 23:57:51,32.124950045963296,29.467369786572053,34.4770149075489
2025-02-08 00:12:51,31.981487293703463,29.406763573986805,34.41349246028227
2025-02-08 00:27:51,31.87071897524797,29.448423793365667,34.37949788061567
2025-02-08 00:42:51,31.791533613082077,29.249416188406794,34.115249950619386
2025-02-08 00:57:51,31.741567419143188,29.391109225901346,34.12250156094725
2025-02-08 01:12:51,31.717376794884512,29.330524812482327,34.14086543096339
2025-02-08 01:27:51,31.71464785342073,29.312457992330238,34.194678050716114
2025-02-08 08:31:28,27.813062327085103,25.461494721074615,30.249651000996923
2025-02-08 08:46:23,27.62284359638212,25.095411347696427,30.099353875105667
2025-02-08 09:01:23,27.462087230202048,24.998614178663136,29.84568557431246
2025-02-08 09:16:23,27.335831649147273,24.960726328237953,29.77902333474431
2025-02-08 09:31:23,27.247623418598934,24.84373634290281,29.721856774204312
2025-02-08 09:46:23,27.20032434819165,24.97975527217785,29.592789720779546
2025-02-08 10:01:23,27.195967795581318,24.872251167560776,29.495779756354732
2025-02-08 10:16:23,27.23563798323972,24.986466916133544,29.678517955719535
2025-02-08 10:31:23,27.319381915622966,25.041627840450975,29.702824493324304
2025-02-08 10:46:23,27.446162178392523,25.046253565602427,29.782121657065993
2025-02-08 11:01:23,27.613856909419088,24.918083071801593,30.026652649383838
2025-02-08 11:16:23,27.819310663138957,25.462568473304838,30.25866439317948
2025-02-08 11:31:24,28.05871958476063,25.571873698993777,30.2955144280552
2025-02-08 11:46:23,28.326369646227224,25.931342940368566,30.66846174310663
2025-02-08 12:01:23,28.61765851605429,26.255149038084053,31.02918341770289
2025-02-08 12:16:23,28.92649850104692,26.525466291174457,31.425705483424636
2025-02-08 12:31:23,29.24698301505718,26.87255410600223,31.73233152510773
2025-02-08 12:46:23,29.57336693450816,27.21326027929553,31.904472773346452
2025-02-08 13:01:23,29.90032502579314,27.49291961827479,32.368568665090386
2025-02-08 13:16:23,30.223190840374148,27.888781228906105,32.48768530949718
2025-02-08 13:31:23,30.53816175192043,28.233819954835344,32.723730650907804
2025-02-08 13:46:23,30.842457328166876,28.332482627628647,33.19962976423904
2025-02-08 14:01:23,31.134420613766476,28.785379863332366,33.51571522867494
2025-02-08 14:16:23,31.41355501856187,29.194985048276386,33.84233764061791
2025-02-08 14:31:23,31.680493176305752,29.5058782616626,34.176497379685
2025-02-08 14:46:23,31.936898144167923,29.518097907388356,34.374405083245556
2025-02-08 15:01:23,32.18530141363699,29.686984269877964,34.63553353926125
2025-02-08 15:16:23,32.428886128996254,30.035929584129338,35.06448556346106
2025-02-08 15:31:24,32.67149736638739,30.198148171556156,34.90015314652561
2025-02-08 15:46:23,32.916004600820436,30.631429909225133,35.64038325169208
2025-02-08 16:01:23,33.16670205718055,30.73794053423092,35.43857862855897
2025-02-08 16:16:23,33.426316561457,30.943995717424723,35.80167139912346
2025-02-08 16:31:23,33.69708886490772,31.245544595569672,36.05997626996759
2025-02-08 16:46:23,33.9802761818786,31.35346374266757,36.336145863118105
2025-02-08 17:01:23,34.27598008975067,31.71232078918457,36.58811909329929
2025-02-08 17:16:23,34.58304129558199,32.23779401301941,36.93031720937883
2025-02-08 17:31:23,34.89900892322034,32.36583324775915,37.425165699733114
2025-02-08 17:46:22,35.219829600474895,32.98555494473942,37.445311206712844
2025-02-08 18:01:23,35.5417616337973,33.11269055098048,37.9945187258629
2025-02-08 18:16:23,35.85798904503945,33.510774259054564,38.117495053162564
2025-02-08 18:31:23,36.162457965953536,33.638321366442725,38.50300647455689
2025-02-08 18:46:22,36.44808439535358,34.061422071804074,38.82083665332708
2025-02-08 19:01:22,36.7086974045162,34.52177780797622,39.037378529474466
2025-02-08 19:16:22,36.93746725759188,34.54449581400067,39.20576337448211
2025-02-08 19:31:22,37.12854485405991,34.78780677977567,39.598959336220915
2025-02-08 19:46:22,37.277045584153704,34.91500230485436,39.732299352115575
2025-02-08 20:01:23,37.379405881626475,34.86008241736191,39.83960334661165
2025-02-08 20:16:22,37.43315928580651,35.227592747588105,39.87807769387536
2025-02-08 20:31:23,37.43792471933526,35.23565177041679,39.80517430082808
2025-02-08 20:46:22,37.394707508266734,34.8423120272349,39.76565394444481
2025-02-08 21:01:22,37.30609708807243,35.03169405014838,39.944546933072694
2025-02-08 21:16:22,37.17629703206615,34.67166216987716,39.68470025177731
2025-02-08 21:31:22,37.01084109375599,34.82828166631359,39.3486263872817
2025-02-08 21:46:22,36.816374486027684,34.31456531376828,39.23594853593389
2025-02-08 22:01:22,36.600361481434426,34.20106374692948,38.9787253636584
2025-02-08 22:16:22,36.3707569496065,34.14353171114532,38.72644742873219
2025-02-08 22:31:22,36.135659402518606,33.590256920198904,38.61952765132922
2025-02-08 22:46:22,35.90296375714579,33.53504740378815,38.23478216273592
2025-02-08 23:01:22,35.68003159726686,33.14150101737685,38.10412211684524
2025-02-08 23:16:22,35.47339527144208,33.119851135741186,37.9634501593835
2025-02-08 23:31:22,35.28850981711489,32.90105692817166,37.907236871209946
2025-02-08 23:46:22,35.129563608538916,32.7421800651449,37.44696094409738
2025-02-09 00:01:22,34.999355008917604,32.51081367703331,37.67872962099124
2025-02-09 00:16:22,34.89923839345027,32.516208999768,37.26842728178993
2025-02-09 00:31:23,34.82907734598396,32.34981542188015,37.27585133231586
2025-02-09 01:01:22,34.77207849250539,32.540155621781125,37.199098929374884
2025-02-09 01:16:22,34.77880827481544,32.60193066576611,37.20535520554752
2025-02-09 01:31:22,34.80333544312759,32.44487402166677,37.29307756567806
2025-02-09 01:46:22,34.84059567555775,32.36836518043062,37.1380687675499
2025-02-09 02:01:22,34.88518987462658,32.36114138650398,37.44256249676263
2025-02-09 02:16:22,34.93162177751896,32.69977014638792,37.58591215723144
2025-02-09 02:31:22,34.97451784815663,32.38302684605058,37.417063862759726
2025-02-09 02:46:22,35.008819925662145,32.473791511582384,37.53406251108872
2025-02-09 03:01:22,35.029943640191014,32.41738251531945,37.42630407057451
2025-02-09 03:16:22,35.033898416595164,32.63406425924205,37.52687158564424
2025-02-09 03:31:22,35.017367760402294,32.60729785532995,37.511489572889225
2025-02-09 03:46:22,34.97775125374912,32.42404573568941,37.64167608558756
2025-02-09 04:01:22,34.91317209324183,32.323491376042014,37.367366790561086
2025-02-09 04:16:22,34.82245592068883,32.54573035843304,37.19621346704184
2025-02-09 04:31:22,34.70508801276598,32.130629425990485,37.26602889038677
2025-02-09 04:46:22,34.56115654395893,32.05558915180153,36.956343481501264
2025-02-09 05:01:22,34.39128959702782,32.11990394454407,36.83230763103821
2025-02-09 05:16:22,34.19659290989213,31.68028095972174,36.64429112778691
2025-02-09 05:31:22,33.978594098661624,31.488013322083496,36.412682708439206
2025-02-09 05:46:22,33.73919740983081,31.33312243951303,36.31116514674819
2025-02-09 06:01:22,33.48065109260124,30.970759477567768,36.09392555686254
2025-02-09 06:16:22,33.20552741754076,30.67876863767315,35.793615464201764
2025-02-09 06:46:22,32.6174083985749,30.230557319718002,35.26790238356447
2025-02-09 07:16:22,32.00167959985304,29.68861558078733,34.42759194263828
2025-02-09 07:31:22,31.69318854984965,29.17841799137893,34.06379929804212
2025-02-09 07:46:22,31.390028512406463,28.980535544599558,33.91196679718774
2025-02-09 08:01:22,31.096791903429278,28.84744521872058,33.66113573645565
2025-02-09 08:16:22,30.818213172962107,28.391609760959177,33.22819353621462
2025-02-09 08:31:22,30.55907192136647,28.202738628323694,33.00621238051881
2025-02-09 08:46:22,30.324073004341543,27.72231625772417,32.63444187557417
2025-02-09 09:01:22,30.11770710458348,27.670586148315163,32.55326600965191
2025-02-09 09:16:22,29.94409746670045,27.489481091055048,32.46678461784375
2025-02-09 09:31:22,29.80684041355822,27.14895396374543,32.09066371899118
2025-02-09 09:46:22,29.708848740842964,27.13898689806159,32.190932148636
2025-02-09 10:01:22,29.652207959672353,27.22907581555644,32.11269668589591
2025-02-09 10:16:22,29.638055539841638,27.306764316304264,32.034033510861335
2025-02-09 10:31:22,29.666492743133173,27.24189735748187,31.982605248427106
2025-02-09 10:46:22,29.736537329950984,27.46450115460888,32.28915132934632
2025-02-09 11:01:22,29.84612343091286,27.458815030959915,32.09453667693248
2025-02-09 11:16:22,29.992152309765256,27.457588924751217,32.335699992624996
2025-02-09 11:31:22,30.1705947546788,27.855102356863213,32.498424481257295
2025-02-09 11:46:22,30.37664261892092,28.047586336491637,32.773969629367166
2025-02-09 12:01:22,30.604903797494046,28.12306067283761,33.01362955567337
2025-02-09 12:16:22,30.849631892198982,28.3623924654629,33.10769064268242
2025-02-09 12:31:22,31.104979213995275,28.81432925853829,33.53410625935026
2025-02-21 08:06:14,31.2050478608412,28.718922525160373,33.74142181433965
2025-02-21 08:21:06,30.864137559832013,28.433608705511244,33.40347353463527
2025-02-21 08:36:06,30.542071400015654,28.0519648608949,33.03158599951621
2025-02-21 08:51:06,30.246670294854855,27.86225161141558,32.70391276239166
2025-02-21 09:06:06,29.982351884577863,27.514249209964493,32.247996229455204
2025-02-21 09:21:06,29.753115471393855,27.38341198768025,32.188662069638745
2025-02-21 09:36:06,29.56238239611058,27.23737051278002,32.150351804873374
2025-02-21 09:51:06,29.412842375812293,26.948596352670915,31.86439522276377
2025-02-21 10:06:06,29.30631590878097,26.9155680831368,31.691562659245832
2025-02-21 10:21:06,29.243642803012804,26.929487129738774,31.717725994348747
2025-02-21 10:36:06,29.224606085426053,26.808736890523146,31.724246796842333
2025-02-21 10:51:06,29.24789901417492,26.86719751160382,31.858056579382044
2025-02-21 11:06:06,29.31114073372912,26.872427185726824,31.717053688365265
2025-02-21 11:21:06,29.410943391512955,27.073569554080077,31.80787985136279
2025-02-21 11:36:06,29.543030454662702,27.0733416519247,31.86013414368084
2025-02-21 11:51:06,29.70240271768186,27.222881609620188,31.914397900807955
2025-02-21 12:06:06,29.883545297320616,27.439948594436792,32.30289718084736
2025-02-21 12:21:06,30.080665992217735,27.692387260962906,32.506759235635855
2025-02-21 12:36:06,30.28795294753735,27.8874084344522,32.4966334664379
2025-02-21 12:51:06,30.499837796221296,27.960113792083845,33.11720795690059
2025-02-21 13:06:06,30.711249492876778,28.21889138933812,33.187165811875644
2025-02-21 13:21:06,30.917844003991224,28.436553836820178,33.26865729164751
2025-02-21 13:36:06,31.11619590495675,28.52505097667504,33.37261614880686
2025-02-21 13:51:06,31.303939741115407,29.01417829974546,33.72828771646669
2025-02-21 14:06:06,31.479851637241776,29.09435612624181,34.03436802432582
2025-02-21 14:21:06,31.643864952890144,29.06188441127996,34.199374650586755
2025-02-21 14:36:06,31.79701758441266,29.54900298111559,34.260233794115145
2025-02-21 14:51:06,31.941332576177768,29.473026473491704,34.24878219131974
2025-02-21 15:06:06,32.079637774066164,29.541759315812808,34.49669261167441
2025-02-21 15:21:06,32.21533407979891,29.92277223697848,34.5190512421608
2025-02-21 15:36:06,32.35212518991162,29.94627089468788,34.57105003988823
2025-02-21 15:51:06,32.49372431556206,30.197558105424008,35.04482163628726
2025-02-21 16:06:06,32.64355510079806,30.3070883104413,35.186444565597775
2025-02-21 16:21:06,32.80446465581222,30.2876383733354,35.1258549563115
2025-02-21 16:36:06,32.97846624529948,30.763288146320694,35.50679000160159
2025-02-21 16:51:06,33.166527722679014,30.743564058265562,35.55445162725972
2025-02-21 17:06:06,33.368419348990905,30.948186424561182,35.681606465390196
2025-02-21 17:21:06,33.58263132294626,31.066037792430212,36.02535071818984
2025-02-21 17:36:06,33.80636736854135,31.405243825030766,36.21527037187806
2025-02-21 17:51:06,34.03561631029291,31.522328276172747,36.52317793071796
2025-02-21 18:06:06,34.26529898677775,31.700427820458476,36.658308170459456
2025-02-21 18:21:06,34.48948338496191,32.103036580421616,36.79272659938518
2025-02-21 18:36:06,34.701656794154715,32.17192162681159,37.202197262191625
2025-02-21 18:51:06,34.89504032910493,32.47558713295764,37.273625133261056
2025-02-21 19:06:06,35.06292857607095,32.551298887100195,37.516027788071305
2025-02-21 19:21:06,35.19903552056758,32.84256556055156,37.50866532451606
2025-02-21 19:36:06,35.29782743259541,32.81360690878652,37.81143065508241
2025-02-21 19:51:06,35.354824037956305,32.88935963957329,37.59350628378051
2025-02-21 20:06:06,35.3668510511831,32.80469883782775,37.63441397168253
2025-02-21 20:21:06,35.33222988232715,32.849126442536885,37.62565651357611
2025-02-21 20:36:06,35.25089388807461,32.87413097149184,37.7828045130392
2025-02-21 20:51:06,35.12442469560036,32.68901145483605,37.59666524739933
2025-02-21 21:06:06,34.95600663696172,32.409099100845395,37.39051809228012
2025-02-21 21:21:06,34.75030191446033,32.30433836415971,37.272440762527864
2025-02-21 21:36:06,34.51325350042121,31.96100181609325,37.137209306519686
2025-02-21 21:51:06,34.2518267017103,31.683872069951676,36.532904139300655
2025-02-21 22:06:06,33.97370354781746,31.54263089908755,36.517528143414275
2025-02-21 22:21:06,33.68694652924386,31.070250930020382,36.23544946200749
2025-02-21 22:36:06,33.39964957334976,31.014136133016557,35.91006203448297
2025-02-21 22:51:06,33.1195944453604,30.65207342727946,35.69564532826259
2025-02-21 23:06:06,32.85393000605829,30.191780119838207,35.28675285171892
2025-02-24 08:04:40,29.18107669542584,26.65111018781199,31.604691310271374
2025-02-24 08:19:33,28.91905706382541,26.41403111471163,31.179331207739374
2025-02-24 08:34:33,28.677152523023718,26.235779431663232,31.10685306900732
2025-02-24 08:49:33,28.462144509235927,25.83698894302494,30.94461465096782
2025-02-24 09:04:33,28.27843910721512,25.87871378570546,30.57160519031222
2025-02-24 09:19:33,28.130039927826715,25.792400174926087,30.47390984854289
2025-02-24 09:34:33,28.02038845814274,25.50256849099523,30.422635099070767
2025-02-24 09:49:33,27.95220935477799,25.51975984093704,30.39989062915073
2025-02-24 10:04:33,27.92737075096356,25.56939827214615,30.42043099681358
2025-02-24 10:19:33,27.94676967303661,25.50180543190766,30.29435783073126
2025-02-24 10:34:33,28.010251939338332,25.678361919395506,30.500967667326453
2025-02-24 10:49:33,28.116574456347454,25.566715370401862,30.602741781156276
2025-02-24 11:04:33,28.263415703557268,25.779247740200084,30.641044556503708
2025-02-24 11:19:33,28.447437526795678,26.046427941233617,30.96968209616684
2025-02-24 11:34:33,28.664398308445044,26.161707004089287,30.98140704196611
2025-02-24 11:49:33,28.909314341880297,26.466510718207797,31.456232209514383
2025-02-24 12:04:33,29.17666302846349,27.03696611789894,31.62456626643899
2025-02-24 12:19:33,29.46061855544573,27.094683646211855,31.854326793949
2025-02-24 12:34:33,29.755308220754074,27.296536480212453,32.149111226625784
2025-02-24 12:49:33,30.055075722429095,27.65599976047115,32.45563777319464
2025-02-24 13:04:33,30.354736686468524,27.94271199446912,32.80217239583541
2025-02-24 13:19:33,30.64981155881396,28.255675694078374,33.02733600522435
2025-02-24 13:34:33,30.936721778317064,28.317511869665395,33.35815505918152
2025-02-24 13:49:33,31.212936858220957,28.80295096514637,33.63133831976266
2025-02-24 14:04:34,31.47734911316171,29.107843373173385,33.98943886738541
2025-02-24 14:19:33,31.72886356796517,29.220449401638582,34.10723513784136
2025-02-24 14:34:33,31.969217912601486,29.617093833658807,34.38720342365458
2025-02-24 14:49:33,32.20000428694413,29.813656829087023,34.58449825095385
2025-02-24 15:04:33,32.42392767048413,30.02096060437517,35.06758458554176
2025-02-24 15:19:33,32.64429238383659,30.20578063607459,35.15330888255766
2025-02-24 15:34:37,32.8657206221107,30.256432857991143,35.13231288976318
2025-02-24 15:49:33,33.08893353350535,31.0085316877734,35.369414002999164
2025-02-24 16:04:33,33.32030650998606,30.821836893978567,35.93813517780722
2025-02-24 16:19:33,33.56172561512221,31.083801945036466,35.905488855196914
2025-02-24 16:34:33,33.81525374813593,31.50668150114856,36.322103923894865
2025-02-24 16:49:33,34.08192824935476,31.719453711294385,36.46485018668721
2025-02-24 17:04:33,34.36160207800456,31.92063893619509,36.784239973968866
2025-02-24 17:19:33,34.65285380859956,32.11619041624701,36.922994763173676
2025-02-24 17:34:33,34.952973227058514,32.41041909912366,37.189787048805336
2025-02-24 17:49:33,35.25802492638379,32.710448959746756,37.511993533802794
2025-02-24 18:04:33,35.56298772650305,33.08844823290775,37.81854903504091
2025-02-24 18:19:33,35.86196324528464,33.646684164036905,38.223326062348
2025-02-24 18:34:33,36.14844282046543,33.77996478687261,38.33356505793091
2025-02-24 18:49:33,36.41561845007447,34.098971880460034,38.73167875155076
2025-02-24 19:04:33,36.65672072852309,34.277487759382296,39.08750480098678
2025-02-24 19:19:33,36.86536505264307,34.25347814478209,39.30323247757926
2025-02-24 19:50:09,37.16781515208662,34.49539898530413,39.44436582776059
2025-02-24 20:05:09,37.24756291745631,34.796894920980115,39.76768885913678
2025-02-24 20:20:09,37.27927511880665,34.84256738697225,39.66188821221311
2025-02-24 20:35:09,37.26274649023205,34.679683683987065,39.666343615971364
2025-02-24 20:50:09,37.19942121664376,34.79242915362323,39.45339375835215
2025-02-24 21:05:09,37.09235255086612,34.750760334175624,39.555451210402914
2025-02-24 21:20:09,36.94608286146627,34.57157532662344,39.324849691201884
2025-02-24 21:35:09,36.766450848991944,34.47429010902911,39.184091792493135
2025-02-24 21:50:09,36.56033662826451,34.06210121144882,39.07685924959316
2025-02-24 22:05:09,36.335358657239446,33.84067612789186,38.836741154746036
2025-02-24 22:20:09,36.099538918322295,33.62989758533571,38.41941607802205
2025-02-24 22:35:09,35.860954181176595,33.36352939616535,38.28626269464024
2025-02-24 22:50:09,35.62739155032293,33.152590334057834,37.99112600840744
2025-02-24 23:05:09,35.4060258077126,33.075664676473856,37.810698322945704
2025-02-24 23:20:09,35.203134374325344,32.878848914953046,37.674407425178906
2025-02-24 23:35:09,35.023863161681135,32.47487398707082,37.42137592608014
2025-03-08 18:42:21,36.38536761429228,33.848240522434914,38.79828144629992
2025-03-08 18:42:37,36.390358656682295,33.94290701288108,38.77203053303425
2025-03-08 18:57:32,36.65652602369128,34.15073173608352,38.90806626125899
2025-03-08 19:12:32,36.894021596094,34.61806276203895,39.20923898364597
2025-03-08 19:27:32,37.09523977717566,34.7366442894867,39.730119146936595
2025-03-08 19:42:32,37.25502181271121,34.94267118569932,39.626869135242735
2025-03-08 19:57:32,37.36937916414638,34.874567033371996,39.93042863693044
2025-03-08 20:12:32,37.435720668830236,35.161596643447425,39.739226590141065
2025-03-08 20:27:32,37.45301183749672,35.01537441098171,39.90518134973369
2025-03-08 20:42:32,37.42185738347792,34.862448701644716,39.76261067057234
2025-03-08 20:57:32,37.34450241888867,34.90659502147944,39.82638107299836
2025-03-08 21:12:32,37.22475232788986,34.735863526706495,39.665072521999775
2025-03-08 21:27:32,37.0678158580423,34.675164168329914,39.42736419120098
2025-03-08 21:42:32,36.88008018693578,34.46910400335833,39.358980252267806
2025-03-08 21:57:32,36.66883037622039,34.38303365873149,39.160470433504926
2025-03-08 22:12:33,36.44167068560832,33.92064998243916,39.05348802776102
2025-03-08 22:27:32,36.207469705720726,33.82674817870644,38.46544191634132
2025-03-08 22:42:32,35.973433292100985,33.48361822216595,38.408777073122025
2025-03-08 22:57:32,35.747346900723265,33.359706580790814,37.99807852500577
2025-03-08 23:12:32,35.535980513283725,33.284230231987905,38.07569131165379
2025-03-08 23:27:32,35.34508498600349,32.841952806602855,37.70410970632311
2025-03-08 23:42:32,35.179186846601645,32.80594913054381,37.63247884452212
2025-03-08 23:57:32,35.04144759981683,32.554684843339516,37.49625506960289
2025-03-09 00:12:32,34.93359192310541,32.63687426886264,37.36221568688362
2025-03-09 00:27:32,34.85590516008927,32.63964711395415,37.39413651253435
2025-03-09 00:42:32,34.80729669053868,32.39437379653981,37.212911885608996
2025-03-09 00:57:32,34.78542229295012,32.37721987219176,37.2228574297896
2025-03-09 01:12:32,34.78685572689025,32.46910020189385,37.24844932404648
2025-03-09 01:27:32,34.80729760516703,32.465546327084745,37.17367566669623
2025-03-09 01:42:32,34.84180830324494,32.41975893285076,37.380700665916635
2025-03-09 01:57:32,34.88505121620218,32.643619540245396,37.311181194004405
2025-03-09 02:12:32,34.93153307915389,32.62721090823077,37.2894772420268
2025-03-09 02:27:32,34.975829467411415,32.56697102193823,37.41680282205104
2025-03-09 02:42:32,35.012785097169726,32.71475173076033,37.500422339065906
2025-03-09 02:57:32,35.03768152923348,32.792037693915404,37.69684041320444
2025-03-09 03:12:31,35.04636792850616,32.47260350028658,37.3354617094392
2025-03-09 03:27:31,35.035372236473385,32.58579601014509,37.507569466125624
2025-03-09 03:42:31,35.00188885596355,32.40859781935728,37.598234066018
2025-03-09 03:57:32,34.943777543620996,32.569748530238805,37.40647362438038
2025-03-09 04:12:31,34.85992309681395,32.36741179446814,37.06268540845416
2025-03-09 04:27:31,34.74941037919378,32.10517633591185,37.20423056365736
2025-03-09 04:42:31,34.61225740955455,32.16119253104502,36.92569715633367
2025-03-09 04:57:31,34.44895977358985,31.975801748786356,36.985684843444666
2025-03-09 05:12:31,34.26050627599976,31.845291842801664,36.845145233188894
2025-03-09 05:27:31,34.048321040461055,31.611396978977876,36.6158708638041
2025-03-09 05:42:31,33.81421527828906,31.439900925009955,36.04572064942331
2025-03-09 05:57:31,33.56035133716511,31.2053152777641,35.9624163397077
2025-03-09 06:12:31,33.28921958404757,30.8541003619656,35.634850630616
2025-03-09 06:27:31,33.003626655143364,30.737161681676355,35.45874270840009
2025-03-09 06:42:31,32.70669179344445,30.341918680909863,35.11567172334913
2025-03-09 06:57:31,32.40184654952082,30.02525856642206,34.93759353485978
2025-03-09 07:12:31,32.09283217476276,29.539847487555736,34.53135268805102
2025-03-09 07:27:31,31.78368867201395,29.386780843493355,34.02821536061519
2025-03-09 07:42:31,31.478729726867837,29.166811861350375,34.05050743951481
2025-03-09 07:57:31,31.182498614948944,28.792146835869094,33.63165016810867
2025-03-09 08:12:31,30.899701609291725,28.58212608002059,33.28033523800759
2025-03-09 08:27:31,30.635117281994773,28.512799068080337,33.21346770231694
2025-03-09 08:42:31,30.39348227556406,27.964990276145862,32.85605564724532
2025-03-09 08:57:31,30.179356430640148,27.877771579165767,32.390142217812944
2025-03-09 09:12:31,29.996972415117686,27.489571293035766,32.41469137984242
2025-03-09 09:27:31,29.850077018355705,27.47330257384726,32.44428596428976
2025-03-09 09:42:31,29.741772879871128,27.2801795998896,32.28154665633753
2025-03-09 09:57:31,29.674370459937066,27.137465983188214,32.065032759013924
2025-03-09 10:12:31,29.64926042888183,27.06686854102837,31.93873125999884
2025-03-09 10:27:31,29.66681628100096,27.33284748237183,31.99604783232287
2025-03-09 10:42:31,29.72633585906864,27.292689344806515,32.21910577455162
2025-03-09 10:57:31,29.826028654063432,27.272053991126374,32.368035346505955
2025-03-09 11:12:31,29.963053310234613,27.521312466689867,32.329885599322914
2025-03-09 11:27:31,30.133606871041536,27.67419835582673,32.52492835648149
2025-03-09 11:42:31,30.333064123104073,27.950716695847717,32.64706024857712
2025-03-09 11:57:31,30.556162141950708,28.209226248890715,32.94166475873887
2025-03-12 08:30:59,30.169731471328383,27.82256810310486,32.414520472253166
2025-03-12 08:45:51,29.957689978347446,27.315168401035105,32.401039785968685
2025-03-12 09:00:51,29.773987683413555,27.513288906835786,32.327267628923906
2025-03-12 09:15:51,29.62477762109053,27.068735349961543,32.17605829415828
2025-03-12 09:30:51,29.513666317986655,26.91875007491486,31.84980681138733
2025-03-12 09:45:51,29.44358054304106,26.98805679584954,31.93578345907379
2025-03-12 10:00:51,29.4166229459073,26.94447068320907,31.879582182292555
2025-03-12 10:30:51,29.495684337674085,27.077128781745493,31.901780102019003
2025-03-12 11:45:51,30.40014848135375,27.818705820341737,32.90489971578446
2025-03-12 12:00:51,30.67288388814407,28.243210013702374,33.04729456081321
2025-03-12 12:15:51,30.963935674128802,28.50516037305217,33.26892582966545
2025-03-12 12:30:51,31.267427827048323,28.913395131925192,33.54092079520965
2025-03-12 12:45:51,31.57763566039595,29.19525460188117,34.07079955370179
2025-03-12 13:00:51,31.88924463293521,29.32749918995327,34.48527083294535
2025-03-12 13:15:51,32.19759016551025,29.830918365491204,34.59293229469997
2025-03-12 13:30:51,32.498864087548114,30.06690491501219,34.86120750583649
2025-03-12 13:45:51,32.7902748381128,30.466587917777957,35.24631087804589
2025-03-12 14:00:51,33.07015090096037,30.655850489471835,35.5824672514183
2025-03-12 14:30:51,33.59438059533322,31.037101018946863,36.11029652527084
2025-03-12 15:00:51,34.080379782039465,31.68878268402405,36.49837395084174
2025-03-12 15:15:51,34.31569082342415,31.77093197664525,36.61635711863938
2025-03-12 16:30:52,35.55487952175473,33.11317521552587,38.00395006630037
2025-03-12 17:00:55,36.12944913857158,33.68410619573309,38.39040735836804
2025-03-12 18:15:55,37.71786354355071,35.237625265436854,40.11408265839239
2025-03-22 13:23:21,30.38809397304888,27.78597381130583,32.91487471635711
2025-03-22 13:38:14,30.69601512081337,28.16342436873456,32.96123951849114
2025-03-22 13:53:14,30.994814677141175,28.63222178222436,33.38740986260478
2025-03-22 14:08:14,31.280911489821463,28.74643134512974,33.67274716218451
2025-03-22 14:23:14,31.554332642066576,29.090952027925354,33.93846340100708
2025-03-22 14:38:14,31.816197541381285,29.366176316758438,34.09586748506767
2025-03-22 14:53:14,32.06858946520844,29.70783977623067,34.55609798960307
2025-03-22 15:08:14,32.31436728372991,29.89170608501507,34.5666293121548
2025-03-22 15:23:14,32.55692742629699,30.10581794321814,35.042188103609824
2025-03-22 15:38:14,32.79992939591728,30.36582663135757,35.20859988556081
2025-03-22 15:53:14,33.04700062988583,30.4680112105531,35.378504421712854
2025-03-22 16:08:14,33.30143808790186,30.78682700626139,35.61123398964775
2025-03-22 16:23:14,33.56592449763066,31.165565400018703,36.017266273389765
2025-03-22 16:53:14,34.13124158417657,31.81270935113006,36.76643166210961
2025-03-22 17:08:14,34.432353760379364,31.965860210269607,36.69066295032765
2025-03-22 17:32:00,34.92957986476506,32.271371077305936,37.251851770076904
2025-03-22 17:32:59,34.95053582636661,32.622507895603256,37.52627476263113
2025-08-31 18:42:03,36.54571283694392,34.21550997383805,38.96920950032844
2025-08-31 18:48:48,36.637997103254136,34.15193050983533,38.97850988014478
2025-08-31 18:49:46,36.65079791438674,34.178812002600615,38.905519046284745
2025-08-31 18:50:18,36.657813732248144,34.32216226005351,39.05922406285449
2025-08-31 19:00:29,36.78499041325015,34.34380080498692,39.33366237093297
2025-08-31 19:04:26,36.830592904256406,34.34063797568945,39.28945483291048
2025-08-31 19:06:35,36.854472985631695,34.2839480649779,39.15340269086037
2025-08-31 19:09:05,36.881376218577316,34.550930901484854,39.36438851788262
2025-08-31 19:42:32,37.13971892505791,34.69562021000341,39.73028684278422
2025-08-31 20:12:32,37.185211022298525,34.667230781955695,39.542178912144564
2025-08-31 20:42:32,37.03956682901394,34.70566448706935,39.4361598129718
2025-08-31 21:12:32,36.71451486582064,34.27412289421581,39.25649096325066
2025-08-31 21:42:32,36.2461218893954,33.73562057639683,38.60649566892623
2025-08-31 22:12:32,35.68885029488348,33.25247980515276,38.22005796377338
2025-08-31 22:41:51,35.1192788214232,32.599848212027155,37.4932207405201
2025-08-31 23:11:47,34.572651995099754,32.092271000521606,37.12487833003878
2025-08-31 23:41:47,34.10997967309281,31.71403478935095,36.57259045831735
2025-09-01 00:11:47,33.76391131779096,31.379326222472034,36.23112381045717
2025-09-01 00:41:47,33.543389528047186,31.155398612956798,35.923825633920565
2025-09-01 08:25:49,28.89319702166619,26.682979610853717,31.332942537677912
2025-09-01 08:55:45,28.460356909369587,26.03368120954141,30.89710512167623
2025-09-01 09:25:44,28.15815046287869,25.85897270126705,30.61985505666178
2025-09-01 09:55:44,28.01482421238599,25.59851538249483,30.47470854911172
2025-09-01 10:25:44,28.045822624260396,25.580078239982097,30.48881075473405
2025-09-01 10:55:44,28.25054385732839,25.864229375752025,30.85237304372894
2025-09-01 11:25:44,28.61133107604175,26.062932563123326,30.994333347016532
2025-09-01 11:55:46,29.095901149073505,26.610448970799762,31.54114793438844
2025-09-01 12:25:44,29.659304503383137,27.0667290716397,32.05450972278597
2025-09-01 12:55:44,30.25706764840958,27.87998659293052,32.407056885021944
2025-09-01 13:25:44,30.847419040430744,28.468262296701106,33.47655025041803
2025-09-01 13:55:45,31.40179234271017,28.96364514186638,33.92518449577924
2025-09-01 14:25:44,31.90742176659331,29.300803877460385,34.309564914995974
2025-09-01 14:55:44,32.37114240685972,29.967416641464737,34.796472560430864
2025-09-01 15:25:44,32.813120334192575,30.45200730515142,35.40179288469542
2025-09-01 15:55:44,33.26144026868053,30.759240319728544,35.628869422846
2025-09-01 16:25:44,33.742862116090784,31.303551966936293,36.2394950928073
2025-09-01 16:55:44,34.273870776042145,31.979624412900076,36.666168922948515
2025-09-01 17:25:44,34.853871128294685,32.57522353214239,37.308627202026344
2025-09-01 17:55:44,35.46224512710617,33.060880168260866,37.97295650039891
2025-09-01 18:25:44,36.060133169380975,33.64020941960618,38.393353131636786
2025-09-01 18:55:44,36.596719151020125,34.12421362824272,39.018869936935204
2025-09-01 19:19:49,36.94692245127739,34.4250360366999,39.267297279180426
2025-09-01 19:49:44,37.24310569144371,34.923023673884906,39.777569873259026
2025-09-01 20:49:44,37.27996606799713,34.99734756260918,39.62830133425967
2025-09-01 21:19:44,37.02880347242147,34.451663893157395,39.420811606789705
2025-09-01 21:49:44,36.64453059401589,33.92913084400259,38.96855186085741
2025-09-01 22:19:44,36.18434113117248,33.896271055236745,38.43463252447826
2025-09-01 22:49:44,35.711923351179976,33.38357515997845,37.97742695058335
2025-09-01 23:19:44,35.28664946506758,32.98708805598452,37.55113211617053
2025-09-01 23:49:44,34.95405174397979,32.63451459223714,37.19636264932141
2025-09-02 00:19:44,34.73938233647959,32.30718844545099,37.13608474485352
2025-09-02 00:49:44,34.64528148410719,32.180251903940196,36.927540283079
2025-09-02 01:19:44,34.65363111971471,32.21605384733896,36.94292889855217
2025-09-02 01:49:45,34.73083754000132,32.41579439890231,37.23965894083243
2025-09-02 02:19:44,34.834731429040474,32.578754640052594,37.29687181290382
2025-09-02 02:49:44,34.92257045567351,32.50746507151418,37.33362475721299
2025-09-02 03:19:44,34.95677370917165,32.512257956433984,37.41291260413267
2025-09-02 03:49:44,34.90933874650384,32.6552597848976,37.35288927542306
2025-09-02 04:19:44,34.763522555815854,32.36032069829762,37.15547394598455
2025-09-02 04:49:44,34.51352952816281,32.13518414713905,37.074392694327116
2025-09-02 05:19:44,34.16294679282086,31.72274272708954,36.76755353736092
2025-09-02 05:49:44,33.72284671076518,31.459318044045638,35.98637149749825
2025-09-02 06:19:44,33.21028959560756,30.815192630571953,35.57510652826518
2025-09-02 06:49:44,32.64754913932832,30.441115035773304,35.06382079787262
2025-09-02 07:19:44,32.06189996349085,29.633889300693404,34.31313323530034
2025-09-02 07:49:44,31.485419562619164,29.020442337674893,33.8843488814002
2025-09-02 08:19:44,30.954100299187534,28.56801254996644,33.433486574437175
2025-09-02 08:29:33,30.796418611083784,28.323176389098006,33.20161174830224
2025-09-02 08:59:28,30.384155167933695,27.892403194190976,32.69579110468983
2025-09-02 09:29:28,30.09996730857316,27.713406733564078,32.35018256311814
2025-09-02 09:59:28,29.97144269722473,27.605470435164445,32.48187113500628
2025-09-02 10:29:28,30.0120838631747,27.545630337677657,32.30893617457551
2025-09-02 10:59:28,30.21927811739811,27.676507032585167,32.57678570541728
2025-09-02 11:29:28,30.57343453108214,27.9958159797544,32.95044758171588
2025-09-02 11:59:28,31.040218750834352,28.564560292991537,33.56572391972233
2025-09-02 12:29:28,31.57581191189582,28.952764410180826,33.99784177850334
2025-09-02 12:59:28,32.13434449738793,29.787424429707478,34.8335652402907
2025-09-02 13:29:28,32.67602036791499,30.178237575306564,35.08160184791067
2025-09-02 13:59:28,33.17413465321023,30.749305272237276,35.53426113306446
2025-09-02 14:29:28,33.61931030641237,31.16643396158331,35.88866480954095
2025-09-02 14:59:30,34.02025890464113,31.362250104524087,36.34619616550757
2025-09-02 15:29:28,34.397822517950125,32.07415004560577,36.95059380368912
2025-09-02 15:59:28,34.782007785325256,32.27921844041991,37.111104024707636
2025-09-02 16:29:28,35.19864222179194,32.662183355723684,37.61421670367633
2025-09-02 16:59:28,35.66271423218787,33.21069055274286,38.16961041488936
2025-09-02 17:29:28,36.17154056681033,33.618185051423296,38.62469723273878
2025-09-02 17:59:28,36.7023840650164,34.405396500742455,39.05957381104182
2025-09-02 18:29:28,37.21482915639904,34.760550421575395,39.703085509666934
2025-09-02 18:59:28,37.65755634008666,35.114424448060916,40.178004008345134
2025-09-02 19:29:28,37.97812522375353,35.53880769914081,40.50715627720961
2025-09-02 19:59:28,38.13365447426032,35.66350779678773,40.37790589676597
2025-09-09 21:55:07,37.07262489652771,34.5343707289032,39.53749668898614
2026-02-13 16:49:24,33.29215216264273,30.81751133725338,35.5176328259663
2026-02-13 16:50:00,33.29990478319598,30.81272677052208,35.70298704679226
2026-02-13 16:50:19,33.30400547596961,31.035594689486853,35.516658622090866
2026-02-13 16:55:50,33.37643613500453,30.86004226736624,35.72213655579085
2026-02-13 17:10:46,33.581496965949626,31.087683565206756,36.041876098620854
2026-02-13 17:30:42,33.87260140623749,31.450089979281724,36.34853352900912
2026-02-13 17:31:58,33.891622389023354,31.54667552839109,36.375073191183326
2026-02-13 17:33:04,33.908180189673274,31.37903491837921,36.23207457355725
2026-02-13 17:37:49,33.980059346590444,31.66598896259879,36.46109175044638
2026-02-13 17:42:38,34.05346488603746,31.593841947837593,36.36988954392377
2026-02-13 17:47:28,34.12748645224851,31.7635774816274,36.57852917479549
2026-02-13 17:52:15,34.20092894916605,31.90413845814003,36.53109001660931
2026-02-13 17:54:13,34.23113730210191,31.891535340941303,36.82976667443529
2026-02-13 17:57:40,34.28409414701764,31.870934313436905,36.877401264762575
2026-02-13 17:59:37,34.31398378131494,31.87029468222619,36.804851305286526
2026-02-13 18:04:26,34.3875838113063,31.86541437629056,36.718695550726494
2026-02-13 18:07:56,34.44076883157831,32.09975349913661,36.93214668270749
2026-02-13 18:10:04,34.473025278925014,32.12220796126285,36.89002344227037
2026-02-13 18:10:27,34.4788066003361,32.158376477838225,37.03060541755358
2026-02-13 18:15:17,34.55125657964965,32.1704601249686,36.94216044300107
2026-02-13 18:20:06,34.6224854020437,32.109089419047486,36.968488595564764
2026-02-13 18:24:56,34.692764013642666,32.17659016752528,36.97564408663908
2026-02-13 18:29:47,34.76185307188351,32.29874868100995,37.26066919013785
2026-02-13 18:34:37,34.829049327862585,32.50471108899099,37.289072218095285
2026-02-13 18:39:27,34.89436423670533,32.523856153785516,37.43656371600066
2026-02-13 18:44:17,34.957569657242416,32.46817501860673,37.1892787293179
2026-02-13 18:49:08,35.018644665216996,32.6069967338916,37.41439069638514
2026-02-13 19:49:08,35.49750680853246,33.317457236207034,37.984631413949465
2026-02-13 20:49:08,35.29112743824646,32.88757026667177,37.879024218686716
2026-02-13 21:49:08,34.434871753819785,31.903228563785046,36.9544115012556
2026-02-13 22:49:08,33.3032862160279,30.791105041067592,35.594670003846645
2026-02-13 23:49:08,32.370481165824465,30.180509723556284,34.793898294109425
2026-02-14 00:49:08,31.91511323473558,29.572096174184004,34.23819146013066
2026-02-14 01:49:08,31.886428764438485,29.577183449472187,34.431969626505726
2026-02-14 02:49:08,31.998347225785572,29.602415736027478,34.49388703516564
2026-02-14 03:49:08,31.939033803538983,29.588714228463747,34.42579502815612
2026-02-14 04:49:08,31.52908109155167,29.088813812579502,33.805410201448055
2026-02-14 05:49:08,30.754184199863552,28.37435015213504,33.16825334564554
2026-02-14 06:49:08,29.722720452841855,27.087174741440517,32.13063052979758
2026-02-14 07:49:08,28.630436132460375,26.161923862237913,31.160602575078364
2026-02-14 08:49:08,27.744439619014855,25.26330489900104,30.28398841284951
2026-02-14 09:49:08,27.349737394945087,25.034850015297035,29.73392620668953
2026-02-14 10:49:08,27.627394807893076,25.45719731438239,30.094336545873333
2026-02-14 11:49:08,28.53166384571209,25.85218579772041,30.90365599144319
2026-02-14 12:49:08,29.786885712467218,27.318779174851088,32.316423090196984
2026-02-14 13:49:08,31.05040876660976,28.456011215379274,33.539902711397254
2026-02-14 14:49:08,32.13642237128671,29.760043992356568,34.661299424703564
2026-02-14 15:49:08,33.11489708921012,30.59893648089084,35.60356637997427
2026-02-14 16:49:08,34.187039556876464,31.910526083895768,36.843526048829226
2026-02-14 17:49:08,35.4327427426463,32.96356348574212,37.97365517467533
2026-02-14 18:49:08,36.651729228279905,34.43288976508211,39.175263805252115
