ds,humidity_forecast,temp_dht_forecast,temp_bmp_forecast,pressure_forecast
2025-01-04 18:29:25,57.61558416233483,36.98573591172509,1148.858321353114,905.0172663705332
2025-01-04 18:32:06,57.33483438952374,37.039116696899036,1148.0828922802157,905.364926502263
2025-01-05 15:54:51,67.38331174575582,34.78239664954895,1106.3271510662692,929.7673256968897
2025-01-05 16:09:42,67.66591418679442,34.959265031008854,1109.026139579916,928.2464396812946
2025-01-05 16:24:42,67.8133381592049,35.148221245008074,1111.1248598805198,926.9530899302034
2025-01-05 16:39:42,67.79752279874953,35.349430859264935,1112.462289280327,925.9881651023368
2025-01-05 16:54:42,67.60186089026922,35.56370588658108,1112.9395776875836,925.4196130039563
2025-01-05 17:09:42,67.21865073061787,35.79061814571615,1112.4943395318976,925.2942082218703
2025-01-05 17:24:42,66.64950198853165,36.02842865775315,1111.1027722555825,925.6343908569871
2025-01-05 17:39:42,65.90522965007548,36.27409528556349,1108.7796209818032,926.4366671752641
2025-01-05 17:54:42,65.00524947141275,36.52335975537105,1105.576052466004,927.671689115495
2025-01-05 18:09:42,63.97651774098607,36.77091051659745,1101.575628400872,929.2860175783387
2025-01-05 18:24:42,62.85208450891135,37.010613382662,1096.8886805254429,931.205461584956
2025-01-05 18:39:42,61.6693511438825,37.23579782299855,1091.645480653418,933.3397793822171
2025-01-05 18:54:42,60.46813883885803,37.43958339528051,1085.9886621818814,935.5884355541571
2025-01-05 19:09:42,59.28868357839515,37.61522832829653,1080.0653821767785,937.8470364268003
2025-01-05 20:34:25,54.64409052125588,37.83672714072183,1047.73711574788,946.6674788417713
2025-01-05 20:49:20,54.36148773639505,37.72083908440023,1042.9865307601235,947.1359385566132
2025-01-05 21:04:20,54.25535443612419,37.560286757098226,1038.5937406471105,947.2919092680606
2025-01-05 21:19:20,54.319484734748926,37.36009827686953,1034.5790694545763,947.1884758769523
2025-01-05 21:34:20,54.540130848085724,37.12612030106262,1030.9195112482178,946.9008684360066
2025-01-05 21:49:21,54.89977064289961,36.864980270055476,1027.5775104843508,946.5171964510165
2025-01-05 22:04:20,55.37613032042182,36.58529125708919,1024.5237567233733,946.1345305027014
2025-01-05 22:19:20,55.948288179961345,36.294293519628006,1021.7067338814203,945.8478517727298
2025-01-05 22:34:20,56.593365315068425,36.000519265334944,1019.0927274922649,945.7478422781858
2025-01-05 22:49:20,57.29011636908698,35.711930895149635,1016.6518658536864,945.9124264184421
2025-01-05 23:04:20,58.019506686816555,35.435891766081525,1014.364382119844,946.4017982491094
2025-01-05 23:19:20,58.76549976401099,35.178872189831445,1012.222103321615,947.2541878473062
2025-01-05 23:34:20,59.515551231429995,34.94620646476063,1010.2286354352761,948.4830909581156
2025-01-05 23:49:20,60.260796744566015,34.741911517759895,1008.3982724279823,950.0761443054222
2025-01-06 00:04:20,60.9959437849247,34.56857395462189,1006.7537576574779,951.995718838629
2025-01-06 00:19:20,61.71889849011211,34.42730827377298,1005.3231153686002,954.1811884699281
2025-01-06 00:34:20,62.43017672940981,34.317784952460485,1004.1358420056326,956.5527201827975
2025-01-21 08:25:29,71.44359591732554,31.318250486825566,935.7029500798202,955.8419418581041
2025-01-21 08:40:21,72.05029219655577,31.09224522899489,938.5732333837345,955.1620562521078
2025-01-21 08:55:21,72.60830350416794,30.890958400761058,941.5356799177731,954.2065121556565
2025-01-21 09:10:21,73.08574963126138,30.720808823471984,944.4464522023832,953.0116154980382
2025-01-21 09:25:21,73.4575618830352,30.58563720843696,947.1861491338743,951.6260869412057
2025-01-21 09:40:21,73.7014654071136,30.48867800053204,949.6426024258471,950.1121641577147
2025-01-21 09:55:21,73.7994819934188,30.432405845209225,951.7185508596826,948.5408823637969
2025-01-21 10:10:21,73.73924722382503,30.418400032874015,953.3385762304556,946.9867173400363
2025-01-21 10:25:21,73.51504952143114,30.447237137082652,954.4548322611266,945.5219760044421
2025-01-21 10:40:21,73.12851355801035,30.51842110339438,955.0511671476796,944.2113375760986
2025-01-21 10:55:21,72.58887091549192,30.63035834536252,955.1453369286701,943.106938187773
2025-01-21 11:10:21,71.91278560196709,30.780383052499033,954.7891245319523,942.2443540770031
2025-01-21 11:25:21,71.12372947270431,30.964835046630416,954.0663105714436,941.6397759361937
2025-01-21 11:40:21,70.25093102557302,31.179189319811034,953.0885783962684,941.2885838063517
2025-01-21 11:55:21,69.32794860195119,31.418233055641128,951.9895686325539,941.1654338811189
2025-01-21 12:10:21,68.39094389804043,31.676282705444535,950.9174188327997,941.225862496646
2025-01-21 12:25:21,67.47675224969576,31.947430772743342,950.026223985295,941.4093057490037
2025-01-21 12:40:21,66.62086092909303,32.2258096291863,949.466926853448,941.6433330055798
2025-01-21 12:55:21,65.855414742172,32.5058579349354,949.3781885607569,941.8488060381923
2025-01-21 13:10:21,65.20736883576608,32.78257455632453,949.8777966161093,941.9456086071775
2025-01-21 13:25:21,64.69690173732538,33.05174492263438,951.0551391004498,941.8585487793071
2025-01-21 13:40:21,64.33618759433625,33.31012589935468,952.9652117401117,941.5230210874504
2025-01-21 13:55:21,64.12860617244455,33.55557726857756,955.6245328621919,940.8900289907311
2025-01-21 14:10:21,64.06844363473975,33.78713075582918,959.0092256999245,939.9302091533772
2025-01-21 14:25:21,64.14110806833745,34.00499104093269,963.0553954534953,938.6365651318391
2025-01-21 14:40:21,64.32385292112913,34.210467152655625,967.6617884063292,937.0257046862118
2025-01-21 14:55:21,64.58697092600573,34.40583681883543,972.694581218064,935.1374762520506
2025-01-21 15:10:21,64.89539262546974,34.59415047329816,977.9940191153694,933.0330092348861
2025-01-21 15:25:21,65.21059908505703,34.77898543402504,983.382510250753,930.7912722975751
2025-01-21 15:40:21,65.49273933682225,34.96416403589222,988.6736972840242,928.5043661128806
2025-01-21 15:55:21,65.70283072549718,35.15345198285741,993.6819712136601,926.2718552713787
2025-01-21 16:10:22,65.80495674191708,35.35047867654149,998.236610709389,924.1923263449453
2025-01-21 16:25:21,65.76804928577059,35.55733018167278,1002.1668213079928,922.3678866298418
2025-01-21 16:55:21,65.18862469119894,36.00862320575531,1007.703950675023,919.7865294540507
2025-01-21 17:10:20,64.62338791908356,36.252824076893624,1009.1463908970479,919.1454437473568
2025-01-21 17:25:21,63.87217739187283,36.50816868523876,1009.6649089921938,918.9730052332932
2025-01-21 17:40:20,62.94956945271676,36.77042487970059,1009.273246206654,919.2655207322008
2025-01-21 17:55:21,61.87130862111229,37.036439775084524,1008.0220857969222,919.9939673914175
2025-01-21 18:10:21,60.66805055522022,37.299972028543195,1005.9987476100508,921.1023479135356
2025-01-21 18:25:21,59.372008837556464,37.55514699884403,1003.3133428242958,922.5163886073393
2025-01-21 18:40:21,58.02078158032988,37.79527319952468,1000.0965268981579,924.145418858869
2025-01-21 18:55:21,56.65429839238164,38.0134644661435,996.4909746985483,925.8887407220096
2025-01-21 19:10:20,55.31427694117818,38.20279676259166,992.6478980241694,927.6401686685685
2025-01-21 19:25:20,54.03632639826131,38.357470346549704,988.7020694567627,929.3025370428137
2025-01-21 19:55:21,51.80592291030087,38.54178968083013,981.027246707648,932.0045825833797
2025-01-21 20:10:21,50.90903297559702,38.56420087375576,977.5164035073146,932.9107099079434
2025-01-21 20:25:20,50.183029359688355,38.5379429234435,974.3307824689126,933.4696882564067
2025-01-21 20:40:20,49.636000214611336,38.46329208245384,971.5123766905625,933.6762820133843
2025-01-21 20:55:20,49.271240440552376,38.342256157325615,969.0903368616955,933.5489946348146
2025-01-21 21:10:20,49.08425762297592,38.1784464895777,967.0684581146776,933.1314422686078
2025-01-21 21:25:20,49.06447501829163,37.976934318920065,965.432291226582,932.4883933494793
2025-01-21 21:40:20,49.19631661019871,37.744033712256275,964.1534759505541,931.7012195687875
2025-01-21 21:55:21,49.460854396333424,37.486729071692565,963.1937514221387,930.8613183415762
2025-01-21 22:10:22,49.83634995064182,37.213215870420804,962.513327685787,930.0667170026095
2025-01-21 22:25:21,50.299116066111424,36.93237373167081,962.0725128916529,929.4137375342513
2025-01-21 22:40:20,50.82787955777494,36.65174994047979,961.8345592638324,928.9863660189674
2025-01-21 22:55:20,51.40290895117789,36.378785861655686,961.773122080303,928.8559356057904
2025-01-21 23:10:20,52.005748126466344,36.12083735750822,961.8729643943217,929.0750147803669
2025-01-21 23:25:20,52.62172658959576,35.8839499297373,962.1303002200208,929.6722940366562
2025-01-21 23:40:20,53.23977588679653,35.67295308035523,962.5528320023082,930.6510736217226
2025-01-21 23:55:20,53.852496655057,35.49130571764577,963.1581799732867,931.9888237241541
2025-01-22 00:10:20,54.4559396366164,35.34101156363443,963.9712410701704,933.6384593942195
2025-01-22 00:25:20,55.04913945078363,35.22260568556305,965.020726375636,935.5312422696411
2025-01-22 00:40:20,55.63345645646198,35.13520929617982,966.3351894681896,937.581112895921
2025-01-22 00:55:21,56.21243455016795,35.07659616031722,967.940846940807,939.6925005793211
2025-01-22 01:10:20,56.78776453617719,35.043612169499745,969.8479070565375,941.7548781308734
2025-01-22 01:25:20,57.36488000686324,35.031882732817685,972.0666980884956,943.6727440244216
2025-01-22 01:40:20,57.945834728871844,35.03655016442089,974.585663246781,945.3487611518439
2025-01-22 01:55:20,58.53194163983427,35.05227134311854,977.3797013886076,946.7014524044233
2025-01-22 02:10:20,59.12276601084358,35.07351526144461,980.4080658805148,947.6679584654952
2025-01-22 02:25:20,59.71598408807487,35.09479666751076,983.615528295875,948.2078913225292
2025-01-22 02:40:20,60.30747416409985,35.11088517919323,986.9348137660005,948.3056972874828
2025-01-22 02:55:20,60.8916276661848,35.1169815163302,990.2901643255362,947.9713824396372
2025-01-22 03:10:20,61.46184902126356,35.10885530540796,993.6017957302348,947.2395638773304
2025-01-22 03:25:20,62.01119685797063,35.08294188075619,996.790938730331,946.1669226138963
2025-01-22 03:40:20,62.53310671566352,35.03639842563902,999.7851030489655,944.8282407215934
2025-01-22 03:55:20,63.02212781506858,34.96712245839153,1002.5231755234519,943.3112992204249
2025-01-22 04:10:20,63.47460419621963,34.873737895781986,1004.9599652543699,941.7109879522014
2025-01-22 04:25:20,63.88923385011869,34.75555557872957,1007.0698385261393,940.1230292030066
2025-01-22 04:40:20,64.267448126042,34.61251612957792,1008.8491427761984,938.6377399300721
2025-01-22 04:55:20,64.61356710778178,34.445123285075454,1010.3171985413483,937.3342515492371
2025-01-22 05:10:20,64.93470382668464,34.254375361621186,1011.5157355448486,936.2755719352232
2025-01-22 05:25:20,65.2404098731528,34.04170185757443,1012.5067573824493,935.5048140178855
2025-01-22 05:55:20,65.85211961843592,33.55814250000567,1014.1927045689155,934.887419099675
2025-01-22 06:10:20,66.18301630502644,33.29185492822357,1015.0744527022251,935.014074982938
2025-01-22 06:25:20,66.54623350396493,33.012798844827856,1016.1100243801508,935.3783186337653
2025-01-22 06:40:20,66.95115219351767,32.7240204736005,1017.3881208290685,935.9193226739576
2025-01-22 06:55:20,67.4040533278016,32.428862562367975,1018.9839537821575,936.5646309999444
2025-01-22 07:10:20,67.90725170343508,32.13096622875677,1020.9536270080432,937.2356110224915
2025-01-22 07:25:20,68.45845087102668,31.834266119311383,1023.329645800867,937.8532543932745
2025-01-22 07:40:20,69.05038025325285,31.5429726949623,1026.1178921874805,938.3439173089795
2025-01-22 07:55:20,69.67075807161811,31.26153620585769,1029.2963122529811,938.644598456728
2025-01-22 08:10:20,70.30260238947756,30.99458826346783,1032.815451948417,938.7073874294392
2025-01-22 08:25:20,70.92488895478532,30.746858756476975,1036.6008562160482,938.5027765234616
2025-01-22 08:40:20,71.51353017898066,30.523068050950133,1040.5572212894895,938.0216100153289
2025-01-22 08:55:20,72.04262623496302,30.327796780328228,1044.5740701906777,937.27554163853
2025-01-22 09:10:20,72.48591847308526,30.16533790406791,1048.5326145509684,936.2959763183333
2025-01-22 09:25:20,72.81835872985856,30.039537832419484,1052.3133796865018,935.1315789735924
2025-01-22 09:40:20,73.01769681121438,29.953635423374,1055.8041101953543,933.8445339511837
2025-01-22 09:55:20,73.06598343159672,29.91010831180494,1058.9074446355162,932.5058264404139
2025-01-22 10:10:20,72.95088760025463,29.910537360198713,1061.5478524533908,931.1898859756762
2025-01-22 10:25:20,72.66673599886232,29.955499254640483,1063.6773643722397,929.9689770443072
2025-01-22 10:40:20,72.21519678863021,30.044496543309897,1065.279696813761,928.907739844591
2025-01-22 10:55:20,71.60555071507022,30.17593267647102,1066.3724674244797,928.0582740654296
2025-01-22 11:10:20,70.85451708610921,30.347137254901714,1067.0073164182506,927.4561208903212
2025-01-22 11:25:20,69.9856296364888,30.554443827915165,1067.267879667434,927.1174358729252
2025-01-22 11:40:20,69.02818572265419,30.793319376321897,1067.2656958757398,927.0375621799733
2025-01-22 11:55:20,68.01581984431144,31.05854128731608,1067.1342629491298,927.1911156795952
2025-01-22 22:53:42,43.49598580219791,38.412404324425935,1108.8459459701642,930.9129040493966
2025-01-22 23:08:37,43.945778357135715,38.22069353086585,1109.3278645158307,931.5002495593313
2025-01-22 23:23:37,44.41569308138687,38.04807982004636,1109.9504185659857,932.4659446609179
2025-01-22 23:38:37,44.892003870227526,37.90059788896741,1110.717427420867,933.8138021190705
2025-01-22 23:53:37,45.367097491336864,37.78180952591892,1111.6451693267004,935.5240496585218
2025-01-23 00:08:37,45.83684772628477,37.693823198467044,1112.7575484699194,937.5521277668291
2025-01-23 00:23:37,46.30017471802605,37.637284832607996,1114.082711860167,939.8314133150113
2025-01-23 00:38:37,46.7584053956016,37.611412844075474,1115.6491189008236,942.2774013453339
2025-01-23 00:53:37,47.21450109604322,37.614112212264786,1117.4814120676087,944.793063881375
2025-01-23 01:08:38,47.67273664149795,37.642181630179884,1119.5989630794138,947.2777272736444
2025-01-23 01:23:37,48.13532915159225,37.69129988079818,1121.9998717197268,949.6201534693164
2025-01-24 19:02:57,72.59903136570823,35.465819825917706,1143.6941823522745,925.7006968843572
2025-01-24 19:17:52,71.254161557505,35.610769976856446,1137.6441093033923,927.2678997477935
2025-01-24 19:32:53,69.97461727883427,35.720611266454135,1131.5210797712848,928.7055501949063
2025-01-24 19:47:52,68.80513315133467,35.78928109780134,1125.5049621984067,929.9158138073725
2025-01-24 20:02:52,67.76898159636062,35.81347975541254,1119.6831096395454,930.8367467705427
2025-01-24 20:17:52,66.88827548580088,35.79098268833051,1114.1478798414414,931.4226549017852
2025-01-24 20:32:52,66.17653813606408,35.72127908194035,1108.9608789103916,931.6542228237951
2025-01-24 20:47:52,65.63989867578852,35.60553055869189,1104.1594914744762,931.5380773465575
2025-01-24 21:02:52,65.27733926073664,35.44654635544903,1099.7582490404627,931.1061103868847
2025-01-24 21:17:52,65.08132401371394,35.24867650088738,1095.7516074150644,930.4131212555084
2025-01-24 21:32:52,65.03875959140943,35.01758347097396,1092.117848443987,929.5329353257935
2025-01-24 21:47:52,65.13216718213377,34.76013026393536,1088.8237537802506,928.5532577644706
2025-01-24 22:02:52,65.34106369277059,34.48394309934779,1085.829657624662,927.5696054152689
2025-01-24 22:17:52,65.64337011378782,34.197120611960266,1083.0944734971856,926.6787213472015
2025-01-24 22:32:52,66.016795866175,33.907879830065646,1080.580307710234,925.9719109515236
2025-01-24 22:47:52,66.44010266573967,33.6242031197685,1078.2563172487871,925.5287434373512
2025-01-24 23:02:52,66.89417268780804,33.35350422387298,1076.101538717207,925.4115378281906
2025-01-24 23:17:52,67.3628230699568,33.102329984022454,1074.106502533246,925.6609997953282
2025-01-24 23:32:52,67.83332940273672,32.87611188002724,1072.27354605432,926.2932984298745
2025-01-24 23:47:52,68.29664335387949,32.678978303510235,1070.6158434008862,927.2987755591604
2025-01-25 00:02:52,68.7473122588579,32.51363475179173,1069.155270911935,928.6423709847707
2025-01-25 00:17:52,69.18312983755794,32.38131509705568,1067.9193179159272,930.2657323918431
2025-01-25 00:32:52,69.60456565652656,32.2818030276039,1066.9373264231415,932.0908663835642
2025-01-25 00:47:52,70.01403529227144,32.213518920739354,1066.236395049479,934.0250846725146
2025-01-25 01:02:52,70.41508242401858,32.17366402010788,1065.837308351309,935.9669137359476
2025-01-25 01:17:52,70.8115477513238,32.15841104547512,1065.7508509262975,937.8125730629952
2025-01-25 01:32:52,71.20680610670726,32.16308896317994,1065.9748363999802,939.4625905069547
2025-01-25 01:47:52,71.60309386655388,32.182545289262784,1066.492126870481,940.8281157757649
2025-01-25 02:02:52,72.00106539197145,32.211277361464205,1067.2698425748817,941.8365150623805
2025-01-25 02:17:52,72.39952876964439,32.24371378562547,1068.259870027687,942.4358797072006
2025-01-25 02:32:52,72.79542134374161,32.27443699907259,1069.4006763121504,942.5981561300484
2025-01-25 02:47:52,73.1840139040993,32.29837677885004,1070.6203349869647,942.3206980160599
2025-01-25 03:02:52,73.55932141880936,32.31096771697216,1071.8405726849421,941.6261484179587
2025-01-25 03:17:52,73.91468053298443,32.30826660151243,1072.9815620717882,940.5606718819415
2025-01-25 03:32:52,74.24343962237172,32.287028614297995,1073.96712262472,939.1906672260907
2025-01-25 03:47:52,74.53969710752355,32.24474406831964,1074.7299506003203,937.5981927565665
2025-01-25 04:02:52,74.79901876092353,32.1796398729048,1075.2164867640004,935.8754207085973
2025-01-25 04:17:52,75.01906528599767,32.090651868433596,1075.3910462452855,934.1185007889552
2025-01-25 04:32:52,75.20006750624216,31.977375496307708,1075.2388785234614,932.4212497608298
2025-01-25 04:47:52,75.34509764053209,31.84000290117994,1074.7678942439006,930.8690925938291
2025-01-25 05:02:52,75.46010058186248,31.679254482100887,1074.0088848000264,929.5336603461158
2025-01-25 05:17:52,75.55366771734136,31.496312159924713,1073.014164329912,928.4684021871449
2025-01-25 05:32:52,75.63656161880606,31.29273388262844,1071.8546747403102,927.7054971598351
2025-01-25 05:47:52,75.7209884197924,31.07048563912999,1070.61570494599,927.2542604095137
2025-01-25 06:02:52,75.81971479949979,30.83182888552144,1069.3914777535135,927.1011349976596
2025-01-25 06:17:52,75.94503573571285,30.57932754950775,1068.278944486696,927.2112511673122
2025-01-25 06:32:52,76.10769253882052,30.315840399591558,1067.3711921374208,927.5314275550683
2025-01-25 06:47:52,76.31581608500639,30.044521291357775,1066.7509056745828,927.99439069673
2025-01-25 07:02:52,76.5739774603605,29.76882200901619,1066.484336069531,928.5239069372291
2025-01-25 07:17:52,76.88242413138475,29.49249158473803,1066.6162014790364,929.0404601273747
2025-01-25 07:32:52,77.23656979199345,29.21956576997903,1067.1658960294503,929.4670733541749
2025-01-25 07:47:52,77.62679077739242,28.95434076909814,1068.1253008236722,929.7348657406362
2025-01-25 08:02:52,78.03856233437685,28.70132640527184,1069.4583902059392,929.7879564777313
2025-01-25 08:17:52,78.45294538582294,28.4651754960478,1071.10270955917,929.5873761520522
2025-01-25 08:32:52,78.84741022974717,28.25058825346625,1072.972676607752,929.1137167404097
2025-01-25 08:47:52,79.19695955536505,28.062192824834934,1074.9645347583835,928.3683413697881
2025-01-25 09:02:52,79.47549089291407,27.904405485993113,1076.9626726666147,927.3730768214709
2025-01-25 09:17:52,79.65731975086481,27.78127628574378,1078.846926905015,926.1684187477956
2025-01-25 09:32:52,79.71877060830361,27.696327928628925,1080.5004110424604,924.8103842028904
2025-01-25 09:47:52,79.63973470525589,27.65238666476548,1081.817369925032,923.3662411790648
2025-01-25 10:02:52,79.4050919157994,27.651468110208842,1082.71054580176,921.9094237374934
2025-01-25 10:17:52,79.00589915997452,27.694622985674293,1083.1175644810025,920.5139986050319
2025-01-25 10:32:52,78.44025962040018,27.78185802434355,1083.0059038520897,919.2490808044834
2025-01-25 10:47:52,77.71380484674891,27.912087831192633,1082.3760907585677,918.1735997761108
2025-01-25 11:02:52,76.83974457650791,28.083134688748473,1081.2628801829644,917.3317932555977
2025-01-25 11:17:52,75.83846539255657,28.2917801308786,1079.7342961505544,916.7497555851132
2025-01-25 11:32:52,74.73668750519984,28.53386904413115,1077.888548709837,916.433293580179
2025-01-25 11:47:52,73.56621715839067,28.8044637637557,1075.848977014498,916.3672516746299
2025-01-25 12:02:52,72.3623586009264,29.098042320315727,1073.7572961236212,916.5163651070185
2025-02-07 21:26:13,63.907606777213964,34.66476626389376,1059.3076679596759,929.9296157134031
2025-02-07 21:27:56,63.904703022677715,34.63789244691427,1058.8966061432018,929.8266351646977
2025-02-07 21:42:53,63.95516234157528,34.38909563335824,1055.5057621892577,928.8726925953357
2025-02-07 21:57:51,64.12760012647337,34.11879351966927,1052.4231352533168,927.8817271908897
2025-02-07 22:12:51,64.40117804059243,33.834535516881395,1049.6058230298167,926.9492509713683
2025-02-07 22:27:51,64.75327232393764,33.54511994227648,1047.0215898371935,926.1713185250419
2025-02-07 22:42:51,65.16216280930009,33.258646118292916,1044.6368636716745,925.6320848574792
2025-02-07 22:57:51,65.60791830843465,32.98291811888536,1042.42713479617,925.4001875926003
2025-02-07 23:12:51,66.07330118102644,32.72463821726806,1040.3789896862324,925.523962463075
2025-02-07 23:27:51,66.54439093974005,32.48963500571784,1038.4908628886951,926.0280119601302
2025-02-07 23:42:51,67.01090440934148,32.28248948709947,1036.772487660465,926.9113537819256
2025-02-07 23:57:51,67.46621275608598,32.10639200004771,1035.2431317058522,928.147269968524
2025-02-08 00:12:51,67.90707766863234,31.963069618987213,1033.928798923178,929.6848639311004
2025-02-08 00:27:51,68.33314853534554,31.8527844715011,1032.8586582696853,931.4522186543728
2025-02-08 00:42:51,68.74627830351669,31.774399476413347,1032.0610205029998,933.3609428144558
2025-02-08 00:57:51,69.14972675302512,31.725504445355693,1031.5592183543101,935.3117995459355
2025-02-08 01:12:51,69.54732549923621,31.702592511273785,1031.3677532097502,937.2010413211914
2025-02-08 01:27:51,69.94267883435057,31.70127462113801,1031.489051153907,938.9270285456549
2025-02-08 08:31:28,77.68027554331323,27.815192647146116,1038.4142091062724,929.1583248886062
2025-02-08 08:46:23,78.0333089993747,27.62529671864553,1040.3882632197478,928.442422321051
2025-02-08 09:01:23,78.32002669475332,27.46444924607962,1042.3911190899094,927.4703491274414
2025-02-08 09:16:23,78.51251835627988,27.33788026103217,1044.2919577541593,926.2841253189124
2025-02-08 09:31:23,78.5868390467466,27.2491718006103,1045.9732151934072,924.9384071654397
2025-02-08 09:46:23,78.52246093933974,27.201419436383823,1047.3276953902778,923.4995660223663
2025-02-08 10:01:23,78.30371311456004,27.19653224709366,1048.2660072581907,922.0406684373701
2025-02-08 10:16:23,77.9209971202391,27.235659932163266,1048.72306832901,920.6359696994685
2025-02-08 10:31:23,77.37169111312491,27.318915343299857,1048.6632308092328,919.3553164646956
2025-02-08 10:46:23,76.6606726601244,27.445321914938894,1048.0836665363997,918.2588607977848
2025-02-08 11:01:23,75.80041259699802,27.612808511745357,1047.0157532089281,917.392466514707
2025-02-08 11:16:23,74.81061835608982,27.818255796070424,1045.5243283430816,916.7841405843691
2025-02-08 11:31:24,73.71617230396033,28.057878234548333,1043.7026505137903,916.4415154299797
2025-02-08 11:46:23,72.55222629301271,28.325958254716234,1041.678333573062,916.3522016897983
2025-02-08 12:01:23,71.35003458076524,28.617870880181478,1039.5851328690298,916.4821361755569
2025-02-08 12:16:23,70.14774205793165,28.927483777658214,1037.5766065072949,916.7801278706208
2025-02-08 12:31:23,68.98209879386992,29.2488277626532,1035.8064761083792,917.1802180388729
2025-02-08 12:46:23,67.88769552933091,29.576080445143848,1034.4216033119778,917.6065604246962
2025-02-08 13:01:23,66.89501412201459,29.903829502252563,1033.553010548455,917.9788555281189
2025-02-08 13:16:23,66.02867191279668,30.22731730797749,1033.3076573066883,918.2181989866343
2025-02-08 13:31:23,65.30596819757291,30.54265222111894,1033.7614795199024,918.25293684646
2025-02-08 13:46:23,64.73582426870985,30.846973308003612,1034.9541251903988,918.024116770161
2025-02-08 14:01:23,64.31818584903478,31.138557645166635,1036.885717267864,917.4901489355526
2025-02-08 14:16:23,64.04392957975413,31.41686247942505,1039.5158516472893,916.6303419284599
2025-02-08 14:31:23,63.89528523991705,31.682498235977366,1042.7649018236177,915.4470538869879
2025-02-08 14:46:23,63.84675442465776,31.93713243898511,1046.5175608896204,913.9662924734811
2025-02-08 15:01:23,63.866476447190124,32.18332879938186,1050.6284152984717,912.236702575691
2025-02-08 15:16:23,63.917965148610946,32.424329755914215,1054.92922169525,910.3269908241207
2025-02-08 15:31:24,63.962148030959455,32.664061004595794,1059.2421774731029,908.3196974882366
2025-02-08 15:46:23,63.95938085754699,32.90550651795986,1063.36562967262,906.3172919991623
2025-02-08 16:01:23,63.871947690092085,33.15307021566624,1067.1308242523585,904.4137601544674
2025-02-08 16:16:23,63.665862030514,33.40961049790869,1070.3638896887005,902.7106871906327
2025-02-08 16:31:23,63.31290631806349,33.677497740541895,1072.9177757859723,901.2996505642559
2025-02-08 16:46:23,62.792167813879914,33.958112702730816,1074.6745280681712,900.2585172959368
2025-02-08 17:01:23,62.091194941842794,34.251667208381726,1075.5505664757907,899.6463259700728
2025-02-08 17:16:23,61.20668135191375,34.55709238476378,1075.4999766786616,899.4993484617254
2025-02-08 17:31:23,60.14464380515055,34.87200252869599,1074.5156700155055,899.8286032496319
2025-02-08 17:46:22,58.921533304626,35.19238037534366,1072.6309782297005,900.6178748028411
2025-02-08 18:01:23,57.55620577555702,35.51448828937788,1069.903766462359,901.8301566094151
2025-02-08 18:16:23,56.08310871204612,35.83148338089562,1066.4374194281236,903.3989222972615
2025-02-08 18:31:23,54.536260956601076,36.13725394456759,1062.3488591225882,905.2433181496315
2025-02-08 18:46:22,52.95638834744267,36.424629110901755,1057.779506094859,907.2654587008324
2025-02-08 19:01:22,51.380426098136645,36.68733514128464,1052.8640473875116,909.3668763037516
2025-02-08 19:16:22,49.850132081702654,36.91841791555833,1047.7533865223688,911.4414504261891
2025-02-08 19:31:22,48.403138258843526,37.1118969125351,1042.5873135864429,913.3909946402227
2025-02-08 19:46:22,47.07299090781312,37.26275495223856,1037.4928600739022,915.1293656582661
2025-02-08 20:01:23,45.88650967831747,37.36730463514753,1032.5737227596478,916.5893856828151
2025-02-08 20:16:22,44.86887573410136,37.422960061701055,1027.9331352086579,917.7199278348032
2025-02-08 20:31:23,44.029885093913194,37.42925569544724,1023.6139298528857,918.5039074190917
2025-02-08 20:46:22,43.380150133134656,37.38712206410526,1019.6743487288686,918.9416694220718
2025-02-08 21:01:22,42.91689202534823,37.29911287270444,1016.1167047401781,919.0644654556756
2025-02-08 21:16:22,42.634037039896924,37.1694196760706,1012.9412850719983,918.9240592861017
2025-02-08 21:31:22,42.51900157091221,37.00359494118971,1010.1271906687805,918.5923650053354
2025-02-08 21:46:22,42.55469698141812,36.808329775505264,1007.6415434206416,918.155737741111
2025-02-08 22:01:22,42.72087326300727,36.59115780005089,1005.4445196012242,917.7089804468628
2025-02-08 22:16:22,42.995534225656186,36.3601215862189,1003.4943975235931,917.348790890959
2025-02-08 22:31:22,43.356329243740916,36.12341957703951,1001.7522290141036,917.1670855886312
2025-02-08 22:46:22,43.78183282627809,35.88905211428022,1000.1857867802516,917.2446453740763
2025-02-08 23:01:22,44.25263530691023,35.66448479886649,998.7725064737804,917.6455054995134
2025-02-08 23:16:22,44.752184789021996,35.456345971639074,997.5012282506317,918.4124630467709
2025-02-08 23:31:22,45.26734082890789,35.270172728915036,996.3726412100214,919.563999435587
2025-02-08 23:46:22,45.788622710287996,35.11021674175166,995.3984380877632,921.0928209776384
2025-02-09 00:01:22,46.310157915502984,34.97931745322376,994.5992893667413,922.9661121440328
2025-02-09 00:16:22,46.829357923130466,34.87884621843715,994.0018380739397,925.1274817794172
2025-02-09 00:31:23,47.34694116887556,34.80865942489861,993.6347234986013,927.5031910579595
2025-02-09 01:01:22,48.38366044645439,34.75245387745568,993.6955955592563,932.5050960315393
2025-02-09 01:16:22,48.91104384307668,34.75988678442226,994.1557871754368,934.9315524170448
2025-02-09 01:31:22,49.44882223285725,34.78522273731639,994.9052744821738,937.1723248105716
2025-02-09 01:46:22,49.99924952185524,34.823315948010006,995.9281219055348,939.1370090732823
2025-02-09 02:01:22,50.56301917098183,34.868686927575666,997.192690408976,940.7509022284443
2025-02-09 02:16:22,51.13898616497491,34.915765797986154,998.6520139120362,941.9596343947541
2025-02-09 02:31:22,51.72411931967825,34.95911726318121,1000.2454857142437,942.7324473261384
2025-02-09 02:46:22,52.31368340242509,34.9936373730276,1001.9017704695874,943.0639104598944
2025-02-09 03:01:22,52.90163085237709,35.014714822242574,1003.5427599554213,942.9739710923773
2025-02-09 03:16:22,53.48116495936591,35.018352425700336,1005.0883058658632,942.506347499913
2025-02-09 03:31:22,54.0454215602927,35.00124738675513,1006.4613965099127,941.7253848841513
2025-02-09 03:46:22,54.58820574004859,34.96083181382232,1007.5934015861133,940.7115964379918
2025-02-09 04:01:22,55.10471452516812,34.895277447160964,1008.4289936134523,939.5561987133968
2025-02-09 04:16:22,55.59217654342784,34.80347056898257,1008.9303675207527,938.3550159817466
2025-02-09 04:31:22,56.05034514107398,34.68496446083851,1009.0804208450971,937.2021680736098
2025-02-09 04:46:22,56.48179211043658,34.539917474600465,1008.8846233618954,936.1839676752356
2025-02-09 05:01:22,56.89196424061511,34.369024772045755,1008.3713923904565,935.3734355527743
2025-02-09 05:16:22,57.288983256342725,34.173451104409445,1007.5908926023345,934.8257970482886
2025-02-09 05:31:22,57.68319002194063,33.95477072871319,1006.6122897467437,934.5752535712941
2025-02-09 05:46:22,58.086454658940625,33.71491882044739,1005.519598654341,934.6332335882737
2025-02-09 06:01:22,58.51129389553016,33.45615670816403,1004.4063693241984,934.9882249668776
2025-02-09 06:16:22,58.96985404926051,33.18105110250631,1003.3695434144506,935.6071815027487
2025-02-09 06:46:22,60.028408488537075,32.59355936145834,1001.8903948684627,937.4155734256902
2025-02-09 07:16:22,61.311927262145666,31.978920907049726,1001.679560307306,939.5009181016114
2025-02-09 07:31:22,62.03595766766639,31.670994242770373,1002.1504318311398,940.4517726945329
2025-02-09 07:46:22,62.80399206665625,31.368324934349292,1003.0076245749782,941.245421921463
2025-02-09 08:01:22,63.60170465006744,31.075446698339206,1004.2179626738297,941.8243144460556
2025-02-09 08:16:22,64.41028741777968,30.797045717382876,1005.7216272177347,942.1474752087577
2025-02-09 08:31:22,65.20724169425071,30.537867489465633,1007.4352808105647,942.1932912686948
2025-02-09 08:46:22,65.96747376720656,30.302599598273037,1009.2568666516486,941.9608708606582
2025-02-09 09:01:22,66.6646368710061,30.095733676836513,1011.0718071434405,941.4698881083873
2025-02-09 09:16:22,67.27264245023616,29.921412147097783,1012.7602276364754,940.7589326443097
2025-02-09 09:31:22,67.76724904258216,29.783267339892475,1014.2047547745843,939.8824885930114
2025-02-09 09:46:22,68.12762825072564,29.684262180445575,1015.2983912372429,938.9067637212972
2025-02-09 10:01:22,68.33780495049633,29.62654259392958,1015.9519532464589,937.9046703513671
2025-02-09 10:16:22,68.38787336721848,29.6113120524174,1016.100575355164,936.950319280072
2025-02-09 10:31:22,68.27490182361052,29.638738187006666,1015.7088380446639,936.1134223270376
2025-02-09 10:46:22,68.00345621327254,29.707900125196772,1014.7741545507284,935.454005861358
2025-02-09 11:01:22,67.58569457299052,29.816783238057983,1013.3281592204665,935.0178162163097
2025-02-09 11:16:22,67.04101113001681,29.96232540493551,1011.4359635884059,934.832749834081
2025-02-09 11:31:22,66.39523626087332,30.140515875434705,1009.1932809678523,934.9065695152983
2025-02-09 11:46:22,65.6794270927321,30.346544529055855,1006.7215561787401,935.2260782688087
2025-02-09 12:01:22,64.92831017204287,30.574996014655696,1004.16136587771,935.7578201433877
2025-02-09 12:16:22,64.17846096798229,30.820080119154856,1001.6644681580456,936.4502701261531
2025-02-09 12:31:22,63.46632334252156,31.075887004580498,999.3849700372464,937.2373701680737
2025-02-21 08:06:14,78.74746425868719,31.205487441890472,1098.2292409792085,959.0409535634034
2025-02-21 08:21:06,79.69099044300012,30.864805085083074,1099.2790073595627,958.7056156657994
2025-02-21 08:36:06,80.61519628895238,30.54275184795669,1100.5188525316403,958.0823137733031
2025-02-21 08:51:06,81.48588685113035,30.247133970498588,1101.8342110085543,957.1787024214393
2025-02-21 09:06:06,82.27659600099528,29.982375729207156,1103.1085070614035,956.0208766688197
2025-02-21 09:21:06,82.96161829955807,29.75250099234683,1104.2222825504205,954.6530351467801
2025-02-21 09:36:06,83.51760175689832,29.560971771946036,1105.0610743181958,953.1340680813303
2025-02-21 09:51:06,83.92508515429081,29.410531472230947,1105.5232059985694,951.5330828305999
2025-02-21 10:06:06,84.1698777512065,29.303063153986077,1105.526982687457,949.9241898627497
2025-02-21 10:21:06,84.24418583253379,29.239473162663096,1105.016805639376,948.3809241426494
2025-02-21 10:36:06,84.14740372288821,29.21960972782637,1103.9677850242213,946.9707027397294
2025-02-21 10:51:06,83.88650588235383,29.242224641169724,1102.3885181502437,945.7497172193868
2025-02-21 11:06:06,83.47600033225815,29.304983945053667,1100.321812936846,944.7586293438999
2025-02-21 11:21:06,82.93743050801703,29.40453082236028,1097.8432646362876,944.0193826792673
2025-02-21 11:36:06,82.29844096084541,29.536600751436506,1095.0566007059274,943.5333648427226
2025-02-21 11:51:06,81.5914503250429,29.6961856718043,1092.0916169708025,943.2810606607507
2025-02-21 12:06:06,80.85200078773715,29.877740622731082,1089.0937190891361,943.2232319754844
2025-02-21 12:21:06,80.11687521443287,30.07542329601892,1086.2167683912921,943.3035524436025
2025-02-21 12:36:06,79.42208964412413,30.283354399236202,1083.6140787694912,943.4525228896806
2025-02-21 12:51:06,78.80087889108736,30.495884850796696,1081.4292356453998,943.5924017027091
2025-02-21 13:06:06,78.28179574886208,30.707854775156605,1079.7872958683715,943.6428117626871
2025-02-21 13:21:06,77.88703952787323,30.9148291325804,1078.7869088839188,943.5266355573771
2025-02-21 13:36:06,77.63111756596071,31.113295644459726,1078.493846658354,943.1757870091882
2025-02-21 13:51:06,77.51992462744464,31.300812447334472,1078.9363460687616,942.5364538066883
2025-02-21 14:06:06,77.55030088699358,31.476095530378657,1080.1025579717577,941.5734374331121
2025-02-21 14:21:06,77.71010095279824,31.639039347108156,1081.940268971351,940.2732774531745
2025-02-21 14:36:06,77.97877588336812,31.79066784666843,1084.3589231879157,938.6459279593496
2025-02-21 14:51:06,78.32843930730729,31.933017307578346,1087.2338309716051,936.72485189493
2025-02-21 15:06:06,78.7253594994951,32.06895652301258,1090.4123184324503,934.5655066477754
2025-02-21 15:21:06,79.13179345605892,32.20195382137527,1093.7214544114854,932.2423044391181
2025-02-21 15:36:06,79.508058271386,32.33580384675114,1096.976897445054,929.8442361584315
2025-02-21 15:51:06,79.81472076319446,32.474329750422996,1099.9923403048542,927.4694401543754
2025-02-21 16:06:06,80.01477922322175,32.62107827128729,1102.5889978604082,925.2190716668348
2025-02-21 16:21:06,80.075711821094,32.77902597106963,1104.6045869686395,923.1908790026527
2025-02-21 16:36:06,79.97127451643726,32.95031458079318,1105.901284576736,921.4729155822695
2025-02-21 16:51:06,79.68294677416971,33.136032005848065,1106.3722193847811,920.1378109887354
2025-02-21 17:06:06,79.2009449514856,33.3360530956141,1105.946148553436,919.2379894130537
2025-02-21 17:21:06,78.52474953923611,33.54895095147528,1104.5889293626806,918.8021626384548
2025-02-21 17:36:06,77.6631218065535,33.77198551764705,1102.3074747981232,918.8333409746061
2025-02-21 17:51:06,76.63361597621476,34.001171707690844,1099.14464167181,919.3085050190812
2025-02-21 18:06:06,75.46162288895896,34.23142464280113,1095.1767946642728,920.1799703993122
2025-02-21 18:21:06,74.17900835392352,34.45677499854129,1090.5085321156973,921.3783643348578
2025-02-21 18:36:06,72.82243233801644,34.67064325281164,1085.266105505558,922.8170245239111
2025-02-21 18:51:06,71.43145243796663,34.8661580590675,1079.589976689596,924.3975348545034
2025-02-21 19:06:06,70.04652565901165,35.03650126138693,1073.6269970774679,926.0160353392758
2025-02-21 19:21:06,68.70702588511509,35.175260376370694,1067.5227008141517,927.5698906424823
2025-02-21 19:36:06,67.44939041283763,35.27676880907743,1061.4141796015092,928.9642763330078
2025-02-21 19:51:06,66.30549794273128,35.33641467462024,1055.4239523464926,930.1182462853791
2025-02-21 20:06:06,65.30136331960335,35.35090082520086,1049.6551626170208,930.969878223109
2025-02-21 20:21:06,64.4562122885433,35.31844143112054,1044.188336785225,931.4801550853105
2025-02-21 20:36:06,63.78197408312268,35.23888406459198,1039.0798227375726,931.6353236504181
2025-02-21 20:51:06,63.28320256606244,35.113750462207946,1034.3619113782906,931.4475730451283
2025-02-21 21:06:06,62.957409621723045,34.94619374297901,1030.0445285644616,930.9539876616744
2025-02-21 21:21:06,62.79576937170267,34.74087454948613,1026.1182816483147,930.2138440557478
2025-02-21 21:36:06,62.784130124231396,34.50376307994547,1022.5585592282124,929.304431878378
2025-02-21 21:51:06,62.90425412977869,34.24187802453634,1019.3303207225161,928.3156774079314
2025-02-21 22:06:06,63.13519418217072,33.962976760181505,1016.3931775625836,927.3439281011027
2025-02-21 22:21:06,63.45471148091557,33.67521362444851,1013.7063624940649,926.4853124990709
2025-02-21 22:36:06,63.8406410786846,33.386784528097074,1011.2332070890235,925.8291179634691
2025-02-21 22:51:06,64.27211939402216,33.10557651965034,1008.9447981851495,925.4516272374376
2025-02-21 23:06:06,64.73060193539959,32.83884018371712,1006.8213644578684,925.4108238413819
2025-02-24 08:04:40,75.91335799187793,29.161403204779564,873.8778202395141,965.9180490566745
2025-02-24 08:19:33,76.6041800844934,28.90044674081472,875.0396740243752,965.9293721944783
2025-02-24 08:34:33,77.27496242794112,28.65939529767985,876.4217926414078,965.6571236907456
2025-02-24 08:49:33,77.89491820343724,28.445007056284673,877.9111559120632,965.1037900848517
2025-02-24 09:04:33,78.437775562229,28.261692302147647,879.3917139149942,964.2933614850517
2025-02-24 09:19:33,78.87786038512237,28.113476892789013,880.7437295916257,963.2682113349568
2025-02-24 09:34:33,79.19168874228865,28.0038409226295,881.8516358845483,962.0858098585057
2025-02-24 09:49:33,79.35951457981005,27.935561049885802,882.611860446087,960.8143455590738
2025-02-24 10:04:33,79.3667301548191,27.910566759764578,882.9401053110166,959.5275709648453
2025-02-24 10:19:33,79.20502267980726,27.929820944018168,882.7775942046427,958.2992433775096
2025-02-24 10:34:33,78.87320315943049,27.993234515321674,882.0958578172434,957.1975600329612
2025-02-24 10:49:33,78.37764183037223,28.099623353722524,880.8997140585891,956.2799878039233
2025-02-24 11:04:33,77.7322678362048,28.246713769548325,879.2282105869039,955.588860302746
2025-02-24 11:19:33,76.95811736178064,28.431199977777297,877.1534238584879,955.1480618582248
2025-02-24 11:34:33,76.08244270502448,28.64885398360992,874.7771444049381,954.961042027108
2025-02-24 11:49:33,75.13742288217686,28.894684969559737,872.2256132419491,955.0103112490925
2025-02-24 12:04:33,74.15854248280766,29.16314197820881,869.6426004783689,955.2584644437978
2025-02-24 12:19:33,73.18272789815211,29.448350623662986,867.1812260173206,955.6506719072852
2025-02-24 12:34:33,72.24634720190954,29.744371964902967,864.9950065472115,956.1184732622086
2025-02-24 12:49:33,71.38319071785975,30.045469719214367,863.2286672230347,956.5846176252346
2025-02-24 13:04:33,70.62255283336546,30.34637085125375,862.0092767986386,956.9686180225398
2025-02-24 13:19:33,69.9875316275938,30.64250434169139,861.4366816207939,957.1926356715878
2025-02-24 13:34:33,69.49365152490905,30.930203667824593,861.5815752084247,957.1872837384905
2025-02-24 13:49:33,69.14789610522459,31.206860202052233,862.4759325616095,956.8969424969943
2025-02-24 14:04:34,68.94807056224177,31.471303623830917,864.1140160092486,956.2833402244325
2025-02-24 14:19:33,68.88353674503368,31.722397946840026,866.440779831777,955.3331562122183
2025-02-24 14:34:33,68.93430366879028,31.961863236427504,869.3758152128196,954.0511733653677
2025-02-24 14:49:33,69.07348486346625,32.19130189138051,872.7951847099685,952.4692206859294
2025-02-24 15:04:33,69.26803019520683,32.41345669164123,876.5484653519105,950.6404823955947
2025-02-24 15:19:33,69.48067292890345,32.631696459645276,880.4641168805874,948.6374771165463
2025-02-24 15:34:37,69.6727251402802,32.850720730105834,884.3752160069444,946.5384703117
2025-02-24 15:49:33,69.80254396144758,33.071391843420386,888.0439677588057,944.4688266268986
2025-02-24 16:04:33,69.83515353279097,33.3001737371152,891.3410092104779,942.5015537566908
2025-02-24 16:19:33,69.73687905869039,33.53909243872851,894.0846725939076,940.7442689958368
2025-02-24 16:34:33,69.48089232381565,33.79033953262981,896.1339683777853,939.286187496386
2025-02-24 16:49:33,69.0479544413381,34.055073401983734,897.3782672546081,938.2016547836457
2025-02-24 17:04:33,68.42747676841043,34.333253296865294,897.7421775114335,937.5452509675977
2025-02-24 17:19:33,67.61809991491785,34.623543003758236,897.1883937244506,937.3481392254189
2025-02-24 17:34:33,66.62776327614617,34.92329130201458,895.7184006746065,937.615911513262
2025-02-24 17:49:33,65.4732680557273,35.228591938609355,893.371050073787,938.3280853451139
2025-02-24 18:04:33,64.1793667391199,35.53442118239062,890.2191578186033,939.4392955055807
2025-02-24 18:19:33,62.777439586345345,35.834846410720516,886.3643877787639,940.8821111303246
2025-02-24 18:34:33,61.30384215021129,36.12329493489569,881.9307869022632,942.5712994081857
2025-02-24 18:49:33,59.79802578100594,36.39286861841984,877.0574097842126,944.409259555355
2025-02-24 19:04:33,58.30054438189346,36.636687039234225,871.8889298131189,946.2922715718026
2025-02-24 19:19:33,56.85106479114579,36.848240145313014,866.5726517639865,948.1171474243574
2025-02-24 19:50:09,54.192289123841114,37.15666833566204,855.8300742527415,951.2730608827022
2025-02-24 20:05:09,53.09551402452527,37.239106343899685,850.8479892419045,952.3926263597011
2025-02-24 20:20:09,52.16357812918892,37.273199443710325,846.1706053330049,953.1682697888266
2025-02-24 20:35:09,51.40894679722517,37.25865508567844,841.8555394325035,953.5844876465468
2025-02-24 20:50:09,50.836697324008675,37.196855845905404,837.9362996294436,953.6517280417912
2025-02-24 21:05:09,50.444827138703396,37.090821937265005,834.4238832755897,953.4054521308884
2025-02-24 21:20:09,50.22493614077193,36.94509234978442,831.3097461045788,952.9035317364654
2025-02-24 21:35:09,50.16322132819317,36.76553131462631,828.5698457788476,952.2221565194963
2025-02-24 21:50:09,50.24170468764342,36.559070864950236,826.1693995638609,951.4505235075512
2025-02-24 22:05:09,50.43960390289244,36.33340366273354,824.0679593322748,950.6846630110667
2025-02-24 22:20:09,50.73475039286431,36.096642785675606,822.2243998295465,950.0208125175723
2025-02-24 22:35:09,51.1049606938947,35.856966671327946,820.6014379509244,949.5487801122594
2025-02-24 22:50:09,51.52927497568798,35.622267844803716,819.1693498445882,949.345739414152
2025-02-24 23:05:09,51.98898982431242,35.399823389972106,817.9086247706832,949.4708688414717
2025-02-24 23:20:09,52.46843028564904,35.196003434381105,816.8113844423211,949.961191247184
2025-02-24 23:35:09,52.95542717096874,35.01603133248927,815.8814972551628,950.8288894334179
2025-03-08 18:42:21,51.11739990711123,36.36617772464469,981.5897141407729,906.6891754930491
2025-03-08 18:42:37,51.08921018156666,36.3712016238228,981.5064669018233,906.7257414239278
2025-03-08 18:57:32,49.516752769185985,36.63937534036902,976.6836314841061,908.8059926744743
2025-03-08 19:12:32,47.97108199587416,36.87913991995234,971.6025546131366,910.8971099238406
2025-03-08 19:27:32,46.49941953947055,37.082749561169635,966.4299534003245,912.887801512592
2025-03-08 19:42:32,45.13650325560174,37.24491252961999,961.2980364263371,914.687868175802
2025-03-08 19:57:32,43.911901175985996,37.361511810388365,956.3208480253329,916.2237470649978
2025-03-08 20:12:32,42.84886286782357,37.42983957851389,951.5914758802475,917.4427341021295
2025-03-08 20:27:32,41.96357029303795,37.4487629719412,947.1795225012432,918.316238461858
2025-03-08 20:42:32,41.26481445869278,37.41881189355618,943.1302726349684,918.8414336365856
2025-03-08 20:57:32,40.75409687085538,37.3421839618771,939.4655088122488,919.0411948180813
2025-03-08 21:12:32,40.42612838926952,37.22266640433013,936.1858165337816,918.9623265235139
2025-03-08 21:27:32,40.26967425155462,37.06547933083658,933.2741240121788,918.6721984327475
2025-03-08 21:42:32,40.26867429842977,36.87704916042871,930.700145320873,918.2540136152118
2025-03-08 21:57:32,40.40355298616954,36.664724745454876,928.4253451441645,917.8010245878932
2025-03-08 22:12:33,40.6529573811475,36.436192252472395,926.4059074848252,917.409718375307
2025-03-08 22:27:32,40.99350398022791,36.20042266144297,924.6081061874171,917.1749515393001
2025-03-08 22:42:32,41.40441424066705,35.96472154688641,922.9913317984491,917.1798276410541
2025-03-08 22:57:32,41.86534055159115,35.736981043305526,921.5324481452348,917.4935034602838
2025-03-08 23:12:32,42.358936076331815,35.52406977268539,920.2172862918993,918.1645570152958
2025-03-08 23:27:32,42.871152700883854,35.33182471891219,919.043537457767,919.2178894980668
2025-03-08 23:42:32,43.391567721160115,35.1648408888984,918.0202308683148,920.6528388459924
2025-03-08 23:57:32,43.913407171344815,35.026326789049484,917.1659938592287,922.4429926067078
2025-03-09 00:12:32,44.433287621340526,34.9180303232981,916.5062732590594,924.5377097321932
2025-03-09 00:27:32,44.95071791825754,34.84023563837455,916.069777676264,926.8652469438049
2025-03-09 00:42:32,45.46741826328555,34.7918275014869,915.8844604336326,929.3372785216831
2025-03-09 00:57:32,45.9865251804347,34.77041622170317,915.9733982322135,931.8545060090682
2025-03-09 01:12:32,46.511756632743435,34.77251313483985,916.3495753146515,934.3134375237967
2025-03-09 01:27:32,47.04661146031292,34.793744427306386,917.016683930456,936.6116400761098
2025-03-09 01:42:32,47.593671585273135,34.8290896855591,917.9627042589823,938.6555749550334
2025-03-09 01:57:32,48.15406458374696,34.873131079922125,919.1600271188789,940.3660382944805
2025-03-09 02:12:32,48.72712912862431,34.92029951168363,920.5654944044926,941.6830938202052
2025-03-09 02:27:32,49.31030768112676,34.96510530395981,922.121754718645,942.5697211020885
2025-03-09 02:42:32,49.89927103941792,35.00234297510499,923.7598757254132,943.0139451201873
2025-03-09 02:57:32,50.48825945319589,35.02726213393732,925.4030554419363,943.0293158309873
2025-03-09 03:12:31,51.069965704290894,35.03570050836237,926.9695145759711,942.654331785557
2025-03-09 03:27:31,51.638774185410014,35.02419406097215,928.3844912385833,941.9475436870541
2025-03-09 03:42:31,52.18759545439093,34.98996523149354,929.5749157382608,940.9860111760505
2025-03-09 03:57:32,52.71177008153712,34.93091741901153,930.4824413992404,939.857457337965
2025-03-09 04:12:31,53.20625238515937,34.84599675450971,931.0619193012376,938.6610533751804
2025-03-09 04:27:31,53.67180987003884,34.73435132646183,931.293194833471,937.488025826517
2025-03-09 04:42:31,54.10970924685501,34.59607040426162,931.1750143882231,936.4285554502417
2025-03-09 04:57:31,54.52466807139048,34.43171794036503,930.7299565771211,935.5595491667752
2025-03-09 05:12:31,54.92415497761353,34.242344266040824,930.002806038488,934.94116306442
2025-03-09 05:27:31,55.317998279462984,34.02942368339991,929.0581949574007,934.6132232770378
2025-03-09 05:42:31,55.717752981359666,33.794802620717455,927.9767925459248,934.593083250798
2025-03-09 05:57:31,56.13586265657885,33.54066121726326,926.8502608677369,934.8750464953749
2025-03-09 06:12:31,56.58467053774566,33.26948906194853,925.7752884057423,935.4313758254391
2025-03-09 06:27:31,57.0753484500724,32.98407369250868,924.847085948013,936.2148012056333
2025-03-09 06:42:31,57.61682178114403,32.68749854832276,924.1527772511553,937.1623360440863
2025-03-09 06:57:31,58.214772699579875,32.38314552624272,923.763800868778,938.2006159902808
2025-03-09 07:12:31,58.87080188888009,32.074696252657446,923.7344367492972,939.2499484602971
2025-03-09 07:27:31,59.581821146453706,31.766125746743672,924.0935054830986,940.2316086542196
2025-03-09 07:42:31,60.339735735332845,31.46168235502838,924.8429148231321,941.0730442958842
2025-03-09 07:57:31,61.1314571953321,31.16584868088203,925.9566104983172,941.7130545820684
2025-03-09 08:12:31,61.93926558371954,30.883279659458946,927.3813853801228,942.1060906077109
2025-03-09 08:27:31,62.741516294387644,30.618715823620736,929.0395436643082,942.2253808095154
2025-03-09 08:42:31,63.51366229621787,30.376872037648695,930.8332919990868,942.0646687767721
2025-03-09 08:57:31,64.22953953760596,30.162304358522917,932.6506109732733,941.6384491093862
2025-03-09 09:12:31,64.86284301639985,29.97926003117461,934.3722561425277,940.9806930110416
2025-03-09 09:27:31,65.3887050856554,29.831517741536548,935.87945505497,940.1421616334306
2025-03-09 09:42:31,65.78527714141613,29.722226959165038,937.06181134556,939.1865044810583
2025-03-09 09:57:31,66.03521179327977,29.653756337745076,937.8249030458691,938.1854255468842
2025-03-09 10:12:31,66.12694534459754,29.627561598987626,938.0970717612475,937.2132653882927
2025-03-09 10:27:31,66.05568990674783,29.644083025394288,937.8349421393712,936.341388526733
2025-03-09 10:42:31,65.82406024539495,29.702681616194763,937.0272846986026,935.6327794738141
2025-03-09 10:57:31,65.44228158754933,29.80162116248511,935.6969350561768,935.1372364532878
2025-03-09 11:12:31,64.92794983064333,29.938101058665097,933.9006027124565,934.8875103775811
2025-03-09 11:27:31,64.30534328824626,30.108341740804537,931.7265350641597,934.8966707787204
2025-03-09 11:42:31,63.604313519081835,30.3077214068547,929.2901387471188,935.1568946958909
2025-03-09 11:57:31,62.85881007462485,30.530959341240084,926.7277919170899,935.6397748892437
2025-03-12 08:30:59,67.18473765590295,30.156220573789817,905.4902619212417,938.7477962970393
2025-03-12 08:45:51,67.74927231584684,29.944639444561926,909.4357299581699,938.1730140976196
2025-03-12 09:00:51,68.24985752771727,29.76117983635055,913.4335312567949,937.3387385412219
2025-03-12 09:15:51,68.6552012377328,29.612007759069165,917.3287495185448,936.2870309617931
2025-03-12 09:30:51,68.94110200073483,29.500764741284772,921.0036471308683,935.0720218074011
2025-03-12 09:45:51,69.0867243808968,29.43042678201955,924.3505824964003,933.7597224988962
2025-03-12 10:00:51,69.07604508027356,29.403156187270973,927.279471000349,932.4230297616618
2025-03-12 10:30:51,68.55279174842856,29.481671333934838,931.6484587816749,929.9693971771829
2025-03-12 11:45:51,64.69346336499139,30.38770744492531,934.4873565232218,927.492737195483
2025-03-12 12:00:51,63.66995817430523,30.661427018646982,934.3334829679685,927.7241791954045
2025-03-12 12:15:51,62.64138436210428,30.953632688158784,934.254764360642,928.1239179785963
2025-03-12 12:30:51,61.64441179167998,31.258386349835057,934.4050750907187,928.6264222704137
2025-03-12 12:45:51,60.71362670915128,31.56988639092273,934.9317567154435,929.1560933119308
2025-03-12 13:00:51,59.879577521152164,31.882731316664994,935.9666216339951,929.6326772054273
2025-03-12 13:15:51,59.167010406413276,32.19216527626063,937.6176932043577,929.9771054239604
2025-03-12 13:30:51,58.59340343729939,32.494290748838594,939.9621920414627,930.1173569190933
2025-03-12 13:45:51,58.167891372695244,32.78623509929381,943.0412047598526,929.9939305206294
2025-03-12 14:00:51,57.89065083223027,33.06626005236332,946.8563702066576,929.5645400276202
2025-03-12 14:30:51,57.736745436353395,33.58946865928584,956.5002798871684,927.7249047174197
2025-03-12 15:00:51,57.962411456017,34.07266687809304,968.1339060528314,924.7048516412991
2025-03-12 15:15:51,58.13596109463177,34.30600419386354,974.3241681761119,922.8835016279173
2025-03-12 16:30:52,58.08662108779643,35.53338547853933,1001.8153687582185,914.2154322080364
2025-03-12 17:00:55,57.05510874650094,36.10459816053337,1008.2656573574596,912.6719869040114
2025-03-12 18:15:55,51.429487730184775,37.694463415764766,1008.6130695338804,916.6739360392766
2025-03-22 13:23:21,62.27894638552238,30.399584581460054,905.8252517605688,921.8520334029608
2025-03-22 13:38:14,61.63100714933256,30.707721448853498,906.5981899949369,921.7756854070318
2025-03-22 13:53:14,61.13106418017239,31.006368915077008,908.1182219476926,921.4147777668927
2025-03-22 14:08:14,60.78057198846868,31.291885360499663,910.3637518420588,920.7365164549133
2025-03-22 14:23:14,60.56637539570454,31.564262209606525,913.2761641673736,919.7305598794958
2025-03-22 14:38:14,60.467032592802674,31.82460860077361,916.7589702845255,918.410088648855
2025-03-22 14:53:14,60.45394587768605,32.075024922852904,920.6823115878672,916.8116702412112
2025-03-22 15:08:14,60.49290788650493,32.31841482062797,924.8893584948589,914.9935201397317
2025-03-22 15:23:14,60.54597606685267,32.55824567704524,929.2042269274317,913.0322583969446
2025-03-22 15:38:14,60.57356824036257,32.79827093391519,933.4409437269783,911.0183643836061
2025-03-22 15:53:14,60.5366587343921,33.04223021987511,937.4129319443736,909.0506230645625
2025-03-22 16:08:14,60.39894857925077,33.29354494096377,940.9424600523564,907.2299272058141
2025-03-22 16:23:14,60.12888502224765,33.55502762414392,943.8695070502137,905.6528466145801
2025-03-22 16:53:14,59.0993735331103,34.11519593342358,947.409754889903,903.5574107164442
2025-03-22 17:08:14,58.314430570607115,34.4143833398059,947.8534977041726,903.1579435588236
2025-03-22 17:32:00,56.70191203689925,34.90970084472381,946.6454920846787,903.4951434261252
2025-03-22 17:32:59,56.62596495263556,34.9306103937092,946.5456357176777,903.5346041424538
2025-08-31 18:42:03,42.19850420012376,36.52180748605522,287.3072288359477,988.4321074784543
2025-08-31 18:48:48,41.65739799592525,36.615013602101925,284.7724046036454,989.4434117662763
2025-08-31 18:49:46,41.57992072084969,36.627952442791056,284.40370036218116,989.5893104494877
2025-08-31 18:50:18,41.53718937473047,36.635045021211994,284.1997151117804,989.6698867266786
2025-08-31 19:00:29,40.72582570041011,36.76376236649988,280.23748261283106,991.2127565320693
2025-08-31 19:04:26,40.41503489089123,36.80999577119793,278.67204614014383,991.8092387516183
2025-08-31 19:06:35,40.24720608682119,36.83422573353033,277.814805617495,992.1323555742423
2025-08-31 19:09:05,40.05342985497457,36.86154089554518,276.81414207721195,992.5061995804817
2025-08-31 19:42:32,37.683759091138164,37.12562077633608,263.33128832719973,997.1027159786897
2025-08-31 20:12:32,36.0976628818452,37.17582016258725,251.8143130134331,1000.1151703159757
2025-08-31 20:42:32,35.185485119336185,37.03358069421525,241.52916403431666,1001.7351316895138
2025-08-31 21:12:32,34.987459730793034,36.7101465095507,232.75239541271642,1002.0410781856691
2025-08-31 21:42:32,35.438021427879164,36.24155450421719,225.43122152966572,1001.4817837659358
2025-08-31 22:12:32,36.39601358538594,35.682669584462204,219.3055801440443,1000.7510627262492
2025-08-31 22:41:51,37.65482385140736,35.11083471689598,214.1740724086091,1000.5906277899591
2025-08-31 23:11:47,39.10636948237886,34.562001109030355,209.58197690516715,1001.5825304797963
2025-08-31 23:41:47,40.604306872340764,34.0979452303158,205.5726223720671,1004.0413504354902
2025-09-01 00:11:47,42.074207285655,33.75178344484486,202.26433714417425,1007.8698920335613
2025-09-01 00:41:47,43.49748847575597,33.53255354788422,199.86986530330407,1012.595024039286
2025-09-01 08:25:49,61.60938369252297,28.90718254552311,192.63561459452313,1020.8158810687885
2025-09-01 08:55:45,62.85059206167804,28.47561939141075,195.55167025322402,1019.7698790478121
2025-09-01 09:25:44,63.7441976511524,28.173823061457533,198.2388903693391,1017.774665393865
2025-09-01 09:55:44,64.10302153014605,28.030326233408374,199.78808619520612,1015.2666006220118
2025-09-01 10:25:44,63.809105556395906,28.061044366826653,199.52653250317883,1012.8178849918305
2025-09-01 10:55:44,62.84915490558473,28.265882639162356,197.21341623499382,1010.9641336980255
2025-09-01 11:25:44,61.32815193709417,28.62756304991175,193.13418327101704,1010.0456263394389
2025-09-01 11:55:46,59.45418628076249,29.113921552969288,188.06272880088915,1010.1032747426802
2025-09-01 12:25:44,57.510394230639406,29.67979186197927,183.13257600634645,1010.8566722928293
2025-09-01 12:55:44,55.776192358831416,30.280200564238722,179.52971675693206,1011.7820720681586
2025-09-01 13:25:44,54.486692709480444,30.87268606732487,178.26738330924428,1012.252989853951
2025-09-01 13:55:45,53.76852943127767,31.427992833736837,179.90974358874402,1011.7220203950371
2025-09-01 14:25:44,53.61231220782415,31.932858055594778,184.41427301612214,1009.8879624794963
2025-09-01 14:55:44,53.86947255940828,32.39397041194869,191.1272361921144,1006.7925390212915
2025-09-01 15:25:44,54.28483918236017,32.83177625707192,198.88369175308694,1002.8387693608718
2025-09-01 15:55:44,54.550296925664675,33.27503939762461,206.24614665878687,998.7027885679701
2025-09-01 16:25:44,54.372192509196736,33.75146647265917,211.79186165170051,995.1731087793153
2025-09-01 16:55:44,53.53563707032184,34.27855213991959,214.39429503862635,992.9542316862373
2025-09-01 17:25:44,51.95146630150369,34.85654494536541,213.43348699006665,992.4867405968824
2025-09-01 17:55:44,49.67557331937972,35.46530730418093,208.89059430247937,993.8317412992554
2025-09-01 18:25:44,46.896919065934114,36.0659812339376,201.31088137591442,996.6510725140034
2025-09-01 18:55:44,43.89786512628567,36.607268901402286,191.65143546673633,1000.2897177137373
2025-09-01 19:19:49,41.54640851968788,36.9620617546274,183.16568215997995,1003.2574793934466
2025-09-01 19:49:44,38.94538182570107,37.26409229383781,172.64841199561414,1006.3529764684699
2025-09-01 20:49:44,35.5705805445272,37.3095764148711,154.6925599553623,1008.7830792410888
2025-09-01 21:19:44,34.949281487900315,37.06001603290459,148.03221526903585,1008.0556416111335
2025-09-01 21:49:44,34.95825923140711,36.67549102594731,142.86128316602722,1006.6142773670246
2025-09-01 22:19:44,35.44588512448132,36.21368521406632,138.8901841407892,1005.185591044341
2025-09-01 22:49:44,36.23737798893854,35.7390424462724,135.81273912050526,1004.5023005540329
2025-09-01 23:19:44,37.17541027326229,35.31175311908791,133.43391078083067,1005.1041886254754
2025-09-01 23:49:44,38.148498454412994,34.97802321773542,131.73409848812122,1007.1897536029634
2025-09-02 00:19:44,39.10163633274099,34.763475315924005,130.85485061504636,1010.5572610453515
2025-09-02 00:49:44,40.02900791918674,34.67074462957283,131.0156246902334,1014.6503505558707
2025-09-02 01:19:44,40.95363924780423,34.68136180902449,132.39241486929163,1018.6959016130262
2025-09-02 01:49:45,41.9026816582877,34.76115534590527,135.00242488032706,1021.8991833822192
2025-09-02 02:19:44,42.88345362170909,34.86731682786838,138.62362657628518,1023.6355916956215
2025-09-02 02:49:44,43.87844658473744,34.9565954901372,142.813744212547,1023.6169989246914
2025-09-02 03:19:44,44.84350463417958,34.99115402714239,146.9723788249664,1021.9441225137587
2025-09-02 03:49:44,45.72619523876972,34.94305049206667,150.48914808674058,1019.0783329316185
2025-09-02 04:19:44,46.48723522890563,34.795885149539664,152.90270809109705,1015.7139321393432
2025-09-02 04:49:44,47.120611395346046,34.54437742020783,154.0361861880645,1012.5953912106527
2025-09-02 05:19:44,47.6640458782264,34.192645348798706,154.06515213948686,1010.327087579142
2025-09-02 05:49:44,48.19478641320342,33.75215251804712,153.4931438936102,1009.22571613962
2025-09-02 06:19:44,48.81019886914815,33.240099582244795,153.03483573180128,1009.2533934658089
2025-09-02 06:49:44,49.597541922490336,32.67861374680952,153.43313676836135,1010.0473152248125
2025-09-02 07:19:44,50.601163098168755,32.09458475830899,155.25653186694097,1011.0356878711134
2025-09-02 07:49:44,51.796983548856076,31.519584736466804,158.7310365955011,1011.6065897344687
2025-09-02 08:19:44,53.082949831259256,30.98913282067578,163.6545813955835,1011.2826067909527
2025-09-02 08:29:33,53.49628388351328,30.831544528618558,165.487746370914,1010.9377356543839
2025-09-02 08:59:28,54.63139378562882,30.41892012572596,171.33241494790528,1009.161526656712
2025-09-02 09:29:28,55.421071714217064,30.133479033493828,176.8556072618241,1006.4879751586708
2025-09-02 09:59:28,55.682108616633464,30.00313212958135,181.14877829275656,1003.383571227443
2025-09-02 10:29:28,55.30795538402178,30.041871732409376,183.58280365058346,1000.4251239364526
2025-09-02 10:59:28,54.299154395002745,30.24759023777036,183.97710979331936,998.1323247649381
2025-09-02 11:29:28,52.774346536908595,30.601054469658642,182.68073666205646,996.8127066501183
2025-09-02 11:59:28,50.95383990666704,31.06801328545979,180.5238624797344,996.4664692283126
2025-09-02 12:29:28,49.117875099433235,31.60440333024235,178.6462264319074,996.7787876671022
2025-09-02 12:59:28,47.54818871396613,32.163822927858135,178.2400862253154,997.2031210975786
2025-09-02 13:29:28,46.46603758435241,32.705783119318795,180.26769498060997,997.1137979508616
2025-09-02 13:59:28,45.981271629642535,33.20290893754552,185.22094295211554,995.9866617479131
2025-09-02 14:29:28,46.06488304215086,33.645368365639435,192.98167481834923,993.5581646316532
2025-09-02 14:59:30,46.55284741960848,34.04177684770349,202.8291105101543,989.9137846278524
2025-09-02 15:29:28,47.176536905852885,34.41333357432867,213.5150398370054,985.510575652864
2025-09-02 15:59:28,47.626592704964104,34.7907541248408,223.62110833697616,981.0352518465218
2025-09-02 16:29:28,47.613857083367435,35.20084406305567,231.73399385824072,977.2816888682577
2025-09-02 16:59:28,46.93562445962047,35.65959849279637,236.7795423130537,974.9308086974538
2025-09-02 17:29:28,45.518938083179606,36.16514725209437,238.20898656324837,974.3808781531282
2025-09-02 17:59:28,43.43608161772618,36.69518326875566,236.07730489220575,975.6426077559621
2025-09-02 18:29:28,40.88880672161174,37.20923514030005,230.99035048055828,978.332290701303
2025-09-02 18:59:28,38.16581612379806,37.65545166284195,223.94078629979379,981.766019669961
2025-09-02 19:29:28,35.584049104723704,37.98050630136056,216.07838273893202,985.1313623095538
2025-09-02 19:59:28,33.427618128203925,38.14048052806577,208.47327776859873,987.6922725874318
2025-09-09 21:55:07,30.774042270837867,37.08441267697198,165.9624904357621,988.5141798608311
2026-02-13 16:49:24,50.863877720401604,33.32274479559922,-188.3251819514973,1027.4021370167789
2026-02-13 16:50:00,50.849230815184775,33.330410734183616,-188.32103849834414,1027.3556710587277
2026-02-13 16:50:19,50.841375358645635,33.334465979829254,-188.31942959394559,1027.331427259771
2026-02-13 16:55:50,50.69059969779944,33.40613931598433,-188.35599870206687,1026.940521952727
2026-02-13 17:10:46,50.149778454793946,33.60950375198985,-189.07987952053696,1026.1908166574597
2026-02-13 17:30:42,49.13236828828839,33.89924389769832,-191.4841619658371,1025.9123957055338
2026-02-13 17:31:58,49.056827172153376,33.91821531503191,-191.69177387786675,1025.92244434539
2026-02-13 17:33:04,48.99021733299496,33.93473375853395,-191.87727394114188,1025.933803587943
2026-02-13 17:37:49,48.692019449387416,34.00648247136494,-192.73332693550242,1026.0106506261811
2026-02-13 17:42:38,48.372649014547655,34.07982148750588,-193.69116166001083,1026.133787446705
2026-02-13 17:47:28,48.03577122106445,34.153842902746824,-194.74085667567635,1026.301697939279
2026-02-13 17:52:15,47.687062043568346,34.22735064633401,-195.8643989482901,1026.509960267414
2026-02-13 17:54:13,47.53948385357062,34.25760456417496,-196.35011888641955,1026.6073043264405
2026-02-13 17:57:40,47.274955436005754,34.310667478535535,-197.23475926870998,1026.79397920621
2026-02-13 17:59:37,47.122379520041136,34.34063167054743,-197.75274101356194,1026.90820216559
2026-02-13 18:04:26,46.7365627230983,34.41446044088212,-199.08607051747254,1027.2161476385324
2026-02-13 18:07:56,46.44871988806256,34.467850814906186,-200.10139028907423,1027.4618566474505
2026-02-13 18:10:04,46.27039388893301,34.5002482700071,-200.73871409847848,1027.6201941818038
2026-02-13 18:10:27,46.238129970808984,34.50605618394347,-200.85468081526585,1027.6493101604103
2026-02-13 18:15:17,45.82587994080778,34.578873696390794,-202.35357083538403,1028.0330228383127
2026-02-13 18:20:06,45.405867155269014,34.65052664521658,-203.91201080837737,1028.4439909940584
2026-02-13 18:24:56,44.97644806168406,34.721286418246855,-205.5363906871686,1028.88201926248
2026-02-13 18:29:47,44.53884653380972,34.790911451437715,-207.22274716805893,1029.3441764132938
2026-02-13 18:34:37,44.097399400023896,34.85869175508706,-208.95477740128598,1029.823985205891
2026-02-13 18:39:27,43.651957972243785,34.92463724090068,-210.733378252266,1030.3196163172797
2026-02-13 18:44:17,43.203878442694275,34.98851624496361,-212.5536684284586,1030.8276228679924
2026-02-13 18:49:08,42.75297165335445,35.050306636301194,-214.4171784669607,1031.3463084591829
2026-02-13 18:53:58,42.303699309136,35.109355499253326,-216.30613307017225,1031.8685881973215
2026-02-13 18:58:48,41.85586297395209,35.16565557852105,-218.221926513401,1032.3927250076665
2026-02-13 19:03:38,41.41079642348185,35.218988304934115,-220.15964036777711,1032.915239939063
2026-02-13 19:08:28,40.96981095547458,35.26914143101462,-222.11441222024058,1033.4327046028757
2026-02-13 19:13:18,40.53418899972691,35.315910211004095,-224.08146019282853,1033.9417641301625
2026-02-13 19:18:09,40.10371147342059,35.35924106101203,-226.06292334925905,1034.4408509263178
