ds,humidity,temp_dht,temp_bmp,pressure
2025-01-04 18:29:25,57.674347152488075,36.631881771992354,1149.7426129431894,906.6186633400043
2025-01-04 18:32:06,57.39566850364571,36.684282298542605,1149.0861506361412,906.9632082180841
2025-01-05 15:54:51,67.36166131598274,34.51817586295877,1103.463556423559,931.9102738109277
2025-01-05 16:09:42,67.63850525968424,34.71199170706301,1105.8682994540745,930.2861398230538
2025-01-05 16:24:42,67.78195810959494,34.91773106593912,1107.7782232250136,928.8767646119165
2025-01-05 16:39:42,67.76432777326079,35.13472114127901,1109.0520581762569,927.7885313498931
2025-01-05 16:54:42,67.56919808718715,35.363141976065364,1109.6004748995679,927.0942149586414
2025-01-05 17:09:42,67.18893290390278,35.60200642233299,1109.3630594605147,926.845459225889
2025-01-05 17:24:42,66.62507542461076,35.84912282448208,1108.3101291274272,927.0693537434129
2025-01-05 17:39:42,65.8882435616499,36.10112984742951,1106.442881648954,927.7665872713734
2025-01-05 17:54:42,64.99753475295094,36.35360282176686,1103.7919352149736,928.9113092118398
2025-01-05 18:09:42,63.979482525310736,36.60122678930184,1100.4144118272975,930.4527169957983
2025-01-05 18:24:42,62.86663298308252,36.83802749878113,1096.3898000879685,932.3182716742682
2025-01-05 18:39:42,61.695830686324086,37.05764815649255,1091.8148991814844,934.418334682465
2025-01-05 18:54:42,60.506318816572666,37.253656988912645,1086.798190247017,936.651922998359
2025-01-05 19:09:42,59.33776720294868,37.41986879445368,1081.4540019953308,938.9132042369508
2025-01-05 20:34:25,54.71985735899734,37.58762648039606,1050.1639601856807,947.9405093756451
2025-01-05 20:49:20,54.43430873975771,37.466950153553114,1045.1384778920633,948.4487840283314
2025-01-05 21:04:20,54.323152256968775,37.30389107346047,1040.3537621302917,948.6373895221611
2025-01-05 21:19:20,54.38054722014121,37.103559583745216,1035.855077589566,948.5569822616787
2025-01-05 21:34:20,54.593186867696964,36.871697918524475,1031.6477176556189,948.2813940933856
2025-01-05 21:49:21,54.94403884131607,36.6146909555632,1027.7245389251889,947.8981757976549
2025-01-05 22:04:20,55.411387462387225,36.34076208965036,1024.0900944176117,947.5047055508143
2025-01-05 22:19:20,55.97480615615955,36.056696979664125,1020.7217283626966,947.1970230576036
2025-01-05 22:34:20,56.611917396847595,35.77048470827416,1017.6142573820281,947.067573421727
2025-01-05 22:49:20,57.301905643913805,35.489519646579126,1014.7611322992303,947.196573611737
2025-01-05 23:04:20,58.026081025708784,35.22060360232109,1012.1600470566445,947.6468703219688
2025-01-05 23:19:20,58.76864914376665,34.96968759468222,1009.8135202821599,948.4595138508435
2025-01-05 23:34:20,59.51719420770641,34.741661175549254,1007.7286223276994,949.6507913806034
2025-01-05 23:49:20,60.26286340386871,34.54019783113691,1005.9158980720675,951.2109152820116
2025-01-06 00:04:20,61.0002625527979,34.367661610991284,1004.3876050424665,953.1044509986999
2025-01-06 00:19:20,61.7270937429992,34.22507658424485,1003.1554454622228,955.2724525789417
2025-01-06 00:34:20,62.443583284222875,34.11215724516297,1002.2280153919864,957.6361597990964
2025-01-21 08:25:29,71.47069419290845,31.1427659934299,933.9144164608598,957.2878564270509
2025-01-21 08:40:21,72.07372712974504,30.91684476824867,936.7093043991927,956.5827082641916
2025-01-21 08:55:21,72.62762454068135,30.71683691155281,939.5483019005972,955.5950459990919
2025-01-21 09:10:21,73.10075760544636,30.54914800884954,942.3014737103717,954.3618400461979
2025-01-21 09:25:21,73.46831148421884,30.417506712862476,944.8656918225604,952.9328731210454
2025-01-21 09:40:21,73.7082790876118,30.32494926226522,947.1466006921038,951.3720077907427
2025-01-21 09:55:21,73.80294311990339,30.273681037601655,949.0648997741278,949.7523904620139
2025-01-21 10:10:21,73.7401722386743,30.264961880329928,950.5618618094537,948.150976641384
2025-01-21 10:25:21,73.51444045261039,30.29902391406829,951.6037223643519,946.6427693035776
2025-01-21 10:40:21,73.12749371999573,30.37502931697568,952.1846407409141,945.2951828341697
2025-01-21 10:55:21,72.5886079707431,30.49107358926917,952.3280170260757,944.1629368870712
2025-01-21 11:10:21,71.91440720475607,30.644237445066434,952.0860495206722,943.2838480671702
2025-01-21 11:25:21,71.12823741546683,30.830687672723727,951.5375247646497,942.6758252429584
2025-01-21 11:40:21,70.25912009701398,31.045824330242333,950.7839420886517,942.335290638279
2025-01-21 11:55:21,69.34033621869641,31.284468664130873,949.9441790282244,942.2371494935535
2025-01-21 12:10:21,68.40771599080254,31.541083366725196,949.1479963224797,942.336322839325
2025-01-21 12:25:21,67.4977299306237,31.810014290953813,948.5287556781747,942.5707482753531
2025-01-21 12:40:21,66.64549101417033,32.08574162691306,948.2157751280165,942.8656501510029
2025-01-21 12:55:21,65.88278589756875,32.36312573742659,948.3267723259429,943.1387904135643
2025-01-21 13:10:21,65.23625313022144,32.63763485550221,948.9608437738237,943.3063408609893
2025-01-21 13:25:21,64.72581976436783,32.90554071942783,950.1923978552651,943.288971562256
2025-01-21 13:40:21,64.363493637599,33.164070341815304,952.0664035785526,943.0177320415356
2025-01-21 13:55:21,64.15258842676536,33.41150421672815,954.5952385428864,942.4393128207238
2025-01-21 14:10:21,64.08743334131513,33.64721417155147,957.7573239235461,941.520314428511
2025-01-21 14:25:21,64.15359065743807,33.87163746834246,961.4976271867199,940.2502164215098
2025-01-21 14:40:21,64.32857393869385,34.0861874725914,965.7300016186562,938.6428259261768
2025-01-21 14:55:21,64.58302967922245,34.29310499699764,970.3412226417099,936.7360878210941
2025-01-21 15:10:21,64.88231711395753,34.49525806646842,975.1964811139596,934.5902499762891
2025-01-21 15:25:21,65.18839685327647,34.69590109607703,980.1460095181758,932.2844893914112
2025-01-21 15:40:21,65.46192032477406,34.89840713633329,985.0324535514162,929.9122108551835
2025-01-21 15:55:21,65.66439991841234,35.10598871645271,989.6985625261091,927.5753217848469
2025-01-21 16:10:22,65.76037044775708,35.3216683908662,993.9992758613765,925.375532335961
2025-01-21 16:25:21,65.71917188372088,35.54680335571861,997.7861693685163,923.4193874696356
2025-01-21 16:55:21,65.13779265339383,36.0310808019321,1003.4239756972403,920.5576601529094
2025-01-21 17:10:20,64.57514030876365,36.28876251272282,1005.1211024070154,919.7779203253351
2025-01-21 17:25:21,63.82884802710382,36.55498229235414,1006.0258081765588,919.4737148842856
2025-01-21 17:40:20,62.91326840809336,36.82514566763237,1006.1362685930645,919.6460973147753
2025-01-21 17:55:21,61.84385389340199,37.09597358910693,1005.4845358690117,920.2689899879457
2025-01-21 18:10:21,60.65080698902528,37.36120562078856,1004.1294086220869,921.2893804655491
2025-01-21 18:25:21,59.36584363616356,37.61513946359299,1002.1506102072194,922.6344877687476
2025-01-21 18:40:21,58.02600387859197,37.85140202968013,999.6452438361412,924.2142099639963
2025-01-21 18:55:21,56.6706394797064,38.06355944291293,996.7218388485775,925.9273685484184
2025-01-21 19:10:20,55.34089278978642,38.2452556563691,993.4982279389185,927.6663153311671
2025-01-21 19:25:20,54.07187738006523,38.39130496236233,990.0811854926972,929.3315240531314
2025-01-21 19:55:21,51.853619070684694,38.55808579104642,983.099028345494,932.0726793045216
2025-01-21 20:10:21,50.95936491727298,38.57287171749729,979.7234265803148,933.0077217768153
2025-01-21 20:25:20,50.233542893068815,38.540495841126244,976.5268247052159,933.5967357325935
2025-01-21 20:40:20,49.684284074935924,38.46164565544216,973.556994990095,933.8309357931903
2025-01-21 20:55:20,49.315055299469726,38.33862711071058,970.8565126103698,933.7255896404299
2025-01-21 21:10:20,49.12165675772831,38.17518784788845,968.4494549461353,933.3217089297806
2025-01-21 21:25:20,49.09390451618683,37.97638873214764,966.347136788737,932.682192096876
2025-01-21 21:40:20,49.21669097449142,37.74837828072956,964.5508144950835,931.8873611217302
2025-01-21 21:55:21,49.471592599674764,37.49784659187362,963.0532550786409,931.0283874848761
2025-01-21 22:10:22,49.83741340149858,37.232565650638804,961.8470144059286,930.2039311325723
2025-01-21 22:25:21,50.291002952932985,36.96088837156146,960.9233413991697,929.5117935515308
2025-01-21 22:40:20,50.81153510629157,36.689824540701906,960.2704249300616,929.0379051584074
2025-01-21 22:55:20,51.379668978216785,36.42625572149532,959.8826406803398,928.8560051933853
2025-01-21 23:10:20,51.97726411454112,36.17697648492403,959.7600799314275,929.021467641729
2025-01-21 23:25:20,52.58984805323632,35.94753726806436,959.9067726337687,929.5658292310407
2025-01-21 23:40:20,53.20643454715543,35.742358520309736,960.3309584329317,930.4951310536763
2025-01-21 23:55:20,53.81959006540546,35.56460017055797,961.0437177725237,931.7892990018147
2025-01-22 00:10:20,54.42522152029976,35.4160933883672,962.0569833887361,933.4032650394315
2025-01-22 00:25:20,55.02212339994905,35.29733482731625,963.3811306000321,935.269750987056
2025-01-22 00:40:20,55.611338605577586,35.207540146948,965.0223824857374,937.3035255418445
2025-01-22 00:55:21,56.19604612790953,35.14469480293738,966.982633856406,939.4091845880768
2025-01-22 01:10:20,56.777516869389736,35.105976436969904,969.2455041985774,941.4757277125992
2025-01-22 01:25:20,57.36080290668194,35.08740359894833,971.7981806040988,943.4065956426618
2025-01-22 01:40:20,57.94757385309304,35.08457808909135,974.6070258488021,945.1029171354477
2025-01-22 01:55:20,58.538812301806374,35.09262987891791,977.6293020896134,946.4813321107896
2025-01-22 02:10:20,59.133819320356615,35.106487780763175,980.8117473411307,947.4769012141235
2025-01-22 02:25:20,59.730086857745206,35.12108230667837,984.0924398966416,948.0471188528933
2025-01-22 02:40:20,60.323396575663836,35.13152777067223,987.4035178191638,948.1744324192276
2025-01-22 02:55:20,60.90813235121278,35.13327705448905,990.6745984560923,947.8671093138094
2025-01-22 03:10:20,61.47777531581641,35.12224485857675,993.8366814823705,947.1584051491226
2025-01-22 03:25:20,62.02553452571486,35.094897732950784,996.8262723321973,946.1041009505966
2025-01-22 03:40:20,62.545054354627986,35.048311551541794,999.5894345462525,944.7785864824901
2025-01-22 03:55:20,63.03113239898025,34.980199189145885,1002.0854720697056,943.2697636227771
2025-01-22 04:10:20,63.480379660709616,34.88891284433671,1004.2899568483534,941.6731215110995
2025-01-22 04:25:20,63.89175821101712,34.773426622419535,1006.1968526894608,940.0853887069062
2025-01-22 04:40:20,64.26694019845326,34.63330558801866,1007.8195410214688,938.5981933953465
2025-01-22 04:55:20,64.6104453684616,34.468667502989824,1009.1906246141189,937.292159011933
2025-01-22 05:10:20,64.92953122401,34.28013334536507,1010.3604666563475,936.2318299517448
2025-01-22 05:25:20,65.23382935800961,34.06881907426483,1011.3945094520903,935.4617626176957
2025-01-22 05:55:20,65.84463186895084,33.58447828743324,1013.3688558565939,934.8573300071822
2025-01-22 06:10:20,66.17585927187856,33.31580575138904,1014.4773798036222,934.9976358661069
2025-01-22 06:25:20,66.53972894664365,33.03303611675238,1015.7757666340972,935.3805016054932
2025-01-22 06:40:20,66.9454265311624,32.73933709805997,1017.3351437614785,935.9446716647335
2025-01-22 06:55:20,67.3990231895359,32.43825784849501,1019.2120775031399,936.6168358485963
2025-01-22 07:10:20,67.90262863887598,32.13371359664751,1021.4443656977301,937.3171526000054
2025-01-22 07:25:20,68.4537648371425,31.829958667153623,1024.0479212394823,937.9651531608546
2025-01-22 07:40:20,69.04502002341802,31.53154336939688,1027.014983964541,938.4856101081957
2025-01-22 07:55:20,69.66402538025646,31.243251220990352,1030.3138171943094,938.8139587083614
2025-01-22 08:10:20,70.29377552891852,30.97001441355638,1033.8899518157718,938.900892961415
2025-01-22 08:25:20,70.91329076100405,30.71680721924818,1037.668941082279,938.7158177443644
2025-01-22 08:40:20,71.49859493822841,30.48851904272883,1041.5604898468664,938.2489199327812
2025-01-22 08:55:20,72.02396004557845,30.28981087338382,1045.4637294935515,937.5117191159636
2025-01-22 09:10:20,72.46334800875246,30.124960846088292,1049.2733302709935,936.5360657244469
2025-01-22 09:25:20,72.79196418259724,29.99769445600913,1052.8860818924816,935.3716636379532
2025-01-22 09:40:20,72.98782572957103,29.911067162290447,1056.2075351876595,934.0822980602449
2025-01-22 09:55:20,73.0332439152692,29.867290438584927,1059.1582851599594,932.7410404516306
2025-01-22 10:10:20,72.91612046717772,29.867628876819346,1061.679490231215,931.4247743288421
2025-01-22 10:25:20,72.63096729878967,29.912317960224122,1063.7372631159474,930.2084337178019
2025-01-22 10:40:20,72.17957350415213,30.00052178141285,1065.3256333632935,929.1593667293337
2025-01-22 10:55:20,71.57126381824612,30.130336252204618,1066.467866229063,928.3322286092359
2025-01-22 11:10:20,70.82271717154349,30.298840936426437,1067.2160220016658,927.7647722452671
2025-01-22 11:25:20,69.95734105047978,30.502199854457665,1067.6487478835318,927.4748420047385
2025-01-22 11:40:20,69.00422539756909,30.73580862796046,1067.8674042250993,927.4587931593715
2025-01-22 11:55:20,67.99672690040723,30.994482357837335,1067.9907313485874,927.6914598042614
2025-01-22 22:53:42,43.48284866676333,38.22726877427571,1108.6517473267127,933.0602843237345
2025-01-22 23:08:37,43.92818132408214,38.03835109760244,1108.854487409424,933.6489384577214
2025-01-22 23:23:37,44.395429461289744,37.86748967093787,1109.3067876477062,934.6153616702084
2025-01-22 23:38:37,44.87099159705911,37.720285363839196,1110.0157184287334,935.9660750858344
2025-01-22 23:53:37,45.34723280230428,37.59999140334674,1110.9918310424923,937.6837638357332
2025-01-23 00:08:37,45.81989794611984,37.50852271908211,1112.2467823719048,939.7259035628895
2025-01-23 00:23:37,46.28767301716592,37.4464850909664,1113.7909622208008,942.0273616385733
2025-01-23 00:38:37,46.75157461686162,37.41318028505976,1115.6309071872458,944.5044985433215
2025-01-23 00:53:37,47.214196827227305,37.40672095891626,1117.766754827024,947.060492471601
2025-01-23 01:08:38,47.679423753868626,37.424208349137615,1120.192839025744,949.5942886449548
2025-01-23 01:23:37,48.14904566980907,37.46175677638272,1122.8817371363027,951.9934429516462
2025-01-24 19:02:57,72.61558814657764,35.44548006019107,1146.2903686482766,925.297465374401
2025-01-24 19:17:52,71.28084697992347,35.580225599068456,1140.7927536196823,926.8722304318993
2025-01-24 19:32:53,70.0099161788855,35.679134099324074,1135.1210543793804,928.3317960925558
2025-01-24 19:47:52,68.84704804310904,35.736905423040874,1129.4292654427552,929.5749041889004
2025-01-24 20:02:52,67.81525470221538,35.750849894532514,1123.7918447445354,930.5359878160825
2025-01-24 20:17:52,66.93648095078753,35.71933903537161,1118.2943572071465,931.1654580629495
2025-01-24 20:32:52,66.22422478217916,35.642349120211996,1113.0002024589078,931.440226176476
2025-01-24 20:47:52,65.68472409491903,35.52140471784157,1107.9565240328568,931.3634604346177
2025-01-24 21:02:52,65.31719577764007,35.35953447595281,1103.1949049190036,930.9641069531605
2025-01-24 21:17:52,65.11444909791565,35.161154075144154,1098.7330313914267,930.2946913978434
2025-01-24 21:32:52,65.06381564471896,34.93188293338301,1094.5771136921287,929.4275495283008
2025-01-24 21:47:52,65.1483372351933,34.6782754618929,1090.7248078569116,928.4497394231689
2025-01-24 22:02:52,65.34804067809281,34.40762644000056,1087.1683590378827,927.4569762062076
2025-01-24 22:17:52,65.64137361657289,34.12757248968349,1083.8976841179774,926.5469951776836
2025-01-24 22:32:52,66.00654133917988,33.845799053440075,1080.903130289748,925.81278713234
2025-01-24 22:47:52,66.4227424141154,33.5697228281315,1078.1776844256017,925.3361577310743
2025-01-24 23:02:52,66.87121289930654,33.306194751757985,1075.7184625085326,925.1820405796874
2025-01-24 23:17:52,67.33602258153297,33.06123772111619,1073.5273747698718,925.3939426866528
2025-01-24 23:32:52,67.80458692256117,32.83983085562285,1071.6109353541954,925.9908246670839
2025-01-24 23:47:52,68.26788043582008,32.64574915042356,1069.9792596513028,926.9656215850312
2025-01-25 00:02:52,68.7203594233617,32.481464009665366,1068.6443624552558,928.2855002259386
2025-01-25 00:17:52,69.15962284880229,32.34810660770096,1067.617930365832,929.8938322675724
2025-01-25 00:32:52,69.58585813322856,32.245492530374904,1066.9087879858723,931.7137481316643
2025-01-25 00:47:52,70.00113261052911,32.17220291060628,1066.52030592697,933.6530309638017
2025-01-25 01:02:52,70.40860035173306,32.125714481401886,1066.4480073119064,935.6100212371988
2025-01-25 01:17:52,70.81169754117765,32.1025687763327,1066.677617619761,937.4801359803095
2025-01-25 01:32:52,71.21339737834496,32.098569231253414,1067.1837712299632,939.162566838341
2025-01-25 01:47:52,71.61560456861311,32.10896800330855,1067.9295390964917,940.566710881311
2025-01-25 02:02:52,72.01865713909942,32.12876176553118,1068.866879210322,941.6179077724704
2025-01-25 02:17:52,72.42113728477227,32.152823109575955,1069.9380395080457,942.2621052327861
2025-01-25 02:32:52,72.81984105205058,32.17612020340069,1071.0778669226538,942.4691483142471
2025-01-25 02:47:52,73.20998711508844,32.19388587154678,1072.216902052068,942.2344818150135
2025-01-25 03:02:52,73.58562574828316,32.201756931928,1073.2850719761293,941.5791627577875
2025-01-25 03:17:52,73.94020854152808,32.1958808547718,1074.2157392227377,940.5481939466747
2025-01-25 03:32:52,74.26726538287735,32.17298925309549,1074.949827016926,939.2073024349356
2025-01-25 03:47:52,74.56112550346255,32.13043996320143,1075.4397228776006,937.6383906373446
2025-01-25 04:02:52,74.81761467765011,32.06623137927271,1075.6526660659454,935.9339758308837
2025-01-25 04:17:52,75.03466138965383,31.978994143018088,1075.573349549541,934.1909999285871
2025-01-25 04:32:52,75.21275089827992,31.86796617444489,1075.2055127078656,932.5044313485771
2025-01-25 04:47:52,75.35517721695521,31.73295732979741,1074.5723640938659,930.9610918746514
2025-01-25 05:02:52,75.46805830620053,31.574309690963695,1073.7157501064949,929.6341229814259
2025-01-25 05:17:52,75.56009813883121,31.392858682908503,1072.6940702984623,928.5784595727586
2025-01-25 05:32:52,75.64209937941261,31.18989897823037,1071.5790273536084,927.8276077250919
2025-01-25 05:47:52,75.72626629483885,30.967137199648917,1070.4513835604894,927.3919317909196
2025-01-25 06:02:52,75.82526343277912,30.726734117813265,1069.3959698223337,927.2585514567896
2025-01-25 06:17:52,75.95124479612362,30.47123135282791,1068.4962525979595,927.3928382422072
2025-01-25 06:32:52,76.11477012160847,30.203564005498613,1067.8288041667752,927.7413911260239
2025-01-25 06:47:52,76.32376506232599,29.927053405564163,1067.458039107066,928.2362700153478
2025-01-25 07:02:52,76.58259062154853,29.64539571396514,1067.4315731949225,928.8001805188054
2025-01-25 07:17:52,76.89129847911954,29.36264136663505,1067.7765299639595,929.352239766762
2025-01-25 07:32:52,77.24513886142233,29.08316054308864,1068.4970665935493,929.8139151368975
2025-01-25 07:47:52,77.63437243119247,28.81159057438623,1069.573317705959,930.11471822709
2025-01-25 08:02:52,78.04441826131516,28.552762430059634,1070.9618676199057,930.1972558535969
2025-01-25 08:17:52,78.45634758386896,28.31160505499674,1072.5977642512917,930.0212868041398
2025-01-25 08:32:52,78.84770915760413,28.093028245817006,1074.3979874428446,929.5665042511091
2025-01-25 08:47:52,79.19364843383241,27.901786803492293,1076.266187745843,928.833854166327
2025-01-25 09:02:52,79.46826084705546,27.742330723953753,1078.0984249449114,927.8453034579892
2025-01-25 09:17:52,79.64610109334694,27.61864801341854,1079.789564877227,926.6420807450509
2025-01-25 09:32:52,79.7037565324101,27.53410818329986,1081.2399432022603,925.2815200713923
2025-01-25 09:47:52,79.62139855642685,27.491301710102146,1082.3618793536111,923.8327360714524
2025-01-25 10:02:52,79.38414247294853,27.49195362735457,1083.0856249041556,922.3714412656174
2025-01-25 10:17:52,78.98325632377144,27.536782876904407,1083.364358381825,920.9742766370897
2025-01-25 10:32:52,78.41699805529005,27.625453100767068,1083.1778916291137,919.7130612242343
2025-01-25 10:47:52,77.69108275299511,27.756552684701113,1082.534828040967,918.6493727292213
2025-01-25 11:02:52,76.81872232888077,27.92762219482196,1081.473005822713,917.8298486430683
2025-01-25 11:17:52,75.82021966577676,28.135230976677448,1080.0581639570062,917.2825476783624
2025-01-25 11:32:52,74.7221270046852,28.375101780127785,1078.3808783139448,917.014637739082
2025-01-25 11:47:52,73.5560061467557,28.642279272824517,1076.5519232408922,917.0115843489472
2025-01-25 12:02:52,72.35685404376505,28.93133540253212,1074.6963131519963,917.2379087396303
2025-02-07 21:26:13,63.94247238663318,34.772941905823224,1061.9311863438095,929.2932482316402
2025-02-07 21:27:56,63.93863454170293,34.746304662537,1061.4595666313216,929.1916193171058
2025-02-07 21:42:53,63.98048657287844,34.500714446224215,1057.5207327984278,928.2432391076162
2025-02-07 21:57:51,64.14382649329978,34.23543820113038,1053.87485310838,927.2467617472151
2025-02-07 22:12:51,64.40833200797454,33.95760969737021,1050.5097499979402,926.2983725267926
2025-02-07 22:27:51,64.75190874775888,33.67550581980487,1047.4237984373246,925.4955936056501
2025-02-07 22:42:51,65.15329604532926,33.396667530971364,1044.608898234987,924.9246501073009
2025-02-07 22:57:51,65.5929466834191,33.12826000336793,1042.0606682171917,924.6566884281165
2025-02-07 23:12:51,66.05391116185247,32.876515755117055,1039.7793942180779,924.742805076465
2025-02-07 23:27:51,66.52244742315862,32.646783726132426,1037.7701236982268,925.2104189946447
2025-02-07 23:42:51,66.98833428882965,32.4432557826877,1036.041925472574,926.0612273832836
2025-02-07 23:57:51,67.44488918156947,32.26884649689047,1034.6064051338876,927.2708787191583
2025-02-08 00:12:51,67.88871218951573,32.12513549776356,1033.4756308074686,928.7903815444432
2025-02-08 00:27:51,68.31919762931771,32.01237199756109,1032.6596751678726,930.5491515015841
2025-02-08 00:42:51,68.73786969531002,31.92953774930897,1032.1640143454058,932.4594897918329
2025-02-08 00:57:51,69.14760949777352,31.874461732367074,1031.9870397844104,934.4221910805743
2025-02-08 01:12:51,69.55184614463863,31.843977454244765,1032.1179341255902,936.3329042890091
2025-02-08 01:27:51,69.95378419888488,31.834112032728537,1032.5351370746334,938.0888206052797
2025-02-08 08:31:28,77.68807524243567,27.850316300074844,1039.7749098773204,929.0830490484182
2025-02-08 08:46:23,78.03757284769104,27.65740405145379,1041.6306985406504,928.3803921280485
2025-02-08 09:01:23,78.3204056938985,27.494698387198067,1043.4712083181025,927.4156043380028
2025-02-08 09:16:23,78.50891779953983,27.367396770009112,1045.180882688129,926.2312884519184
2025-02-08 09:31:23,78.57942562941001,27.278936645241163,1046.6592204625742,924.8833616606723
2025-02-08 09:46:23,78.51166844378028,27.232106717904585,1047.8170786104242,923.4399932655813
2025-02-08 10:01:23,78.29022705663587,27.228608803710898,1048.5826945015692,921.9764910634149
2025-02-08 10:16:23,77.90571875672666,27.269263433054476,1048.9067909882442,920.5696623313977
2025-02-08 10:31:23,77.35568276820199,27.353840238232845,1048.766423128202,919.292052947679
2025-02-08 10:46:23,76.64508777423984,27.481033509714596,1048.167298577396,918.2064773224492
2025-02-08 11:01:23,75.78641512885763,27.64848482195008,1047.1443949827142,917.3612321269326
2025-02-08 11:16:23,74.79929708670336,27.852854771930193,1045.7608013935178,916.7863396445205
2025-02-08 11:31:24,73.70846057137047,28.09022285682575,1044.1028675816249,916.4909200760495
2025-02-08 11:46:23,72.5488067159578,28.354852587021913,1042.2854747347749,916.4631022853919
2025-02-08 12:01:23,71.3513012619811,28.64219225004931,1040.4266672886372,916.6688755745342
2025-02-08 12:16:23,70.15373658322228,28.946306629414405,1038.660319561529,917.0559815325731
2025-02-08 12:31:23,68.99249064422024,29.2615234038431,1037.118891586736,917.5565791953088
2025-02-08 12:46:23,67.90178283462701,29.582403950940403,1035.927718024455,918.0921239995848
2025-02-08 13:01:23,66.91175012556211,29.903983741156807,1035.1976144195608,918.5789149867842
2025-02-08 13:16:23,66.0467163279811,30.22198864646537,1035.0181926263938,918.9341044337424
2025-02-08 13:31:23,65.32376090730835,30.5330142893002,1035.452283686869,919.0817539068929
2025-02-08 13:46:23,64.75167722286304,30.834657317840698,1036.531800981283,918.9585142414745
2025-02-08 14:01:23,64.33038766617769,31.125590006406284,1038.2552904408274,918.5185296099171
2025-02-08 14:16:23,64.05085635319602,31.405572703863584,1040.5873135268541,917.7372162028837
2025-02-08 14:31:23,63.89551045781119,31.67540220495897,1043.4596989552213,916.61364075513
2025-02-08 14:46:23,63.839150786615065,31.936797888276224,1046.774587654131,915.1713181916494
2025-02-08 15:01:23,63.850302710969466,32.192231225371835,1050.4090893124026,913.4573546532181
2025-02-08 15:16:23,63.89293195387729,32.44470777090967,1054.2212746269931,911.5399748355111
2025-02-08 15:31:24,63.928448556276244,32.69779609373801,1058.0613673552689,909.5022914252863
2025-02-08 15:46:23,63.91773896703273,32.95394195290474,1061.7582147287424,907.4486100993463
2025-02-08 16:01:23,63.82354233336614,33.217012379962824,1065.1691468289782,905.4754770084772
2025-02-08 16:16:23,63.612314755788084,33.48920526377103,1068.1452132802071,903.6880801516058
2025-02-08 16:31:23,63.25619452023143,33.7722217061161,1070.5589624219015,902.1822237253398
2025-02-08 16:46:23,62.734523838525774,34.06678737170019,1072.3058575399762,901.0404431459357
2025-02-08 17:01:23,62.03498748450272,34.37251158656382,1073.308556463275,900.3266338700396
2025-02-08 17:16:23,61.15428611113963,34.687811338426584,1073.5196404605192,900.0818500323551
2025-02-08 17:31:23,60.098311115416976,35.00990595696698,1072.9226857255792,900.321560544545
2025-02-08 17:46:22,58.8832508184371,35.334523225684194,1071.5336565742919,901.0335105407448
2025-02-08 18:01:23,57.52762360403474,35.657841105800586,1069.38890754047,902.1835735714383
2025-02-08 18:16:23,56.06538501134146,35.9730783911662,1066.5614199881152,903.7076493581246
2025-02-08 18:31:23,54.53003260374359,36.27435737679436,1063.136485272447,905.5259782284996
2025-02-08 18:46:22,52.96170929429078,36.55489328859997,1059.2208046787753,907.5407881528741
2025-02-08 19:01:22,51.39679975132733,36.80889770688743,1054.916753689828,909.652681234037
2025-02-08 19:16:22,49.876498640601895,37.030017412697106,1050.3428980608294,911.7536962098022
2025-02-08 19:31:22,48.43794561219209,37.212924268788996,1045.6114861871865,913.7429821635503
2025-02-08 19:46:22,47.11428063779507,37.353272285351196,1040.8276795113215,915.5311101687937
2025-02-08 20:01:23,45.93202926593326,37.448013861125965,1036.0803538947148,917.047276422655
2025-02-08 20:16:22,44.91619019752936,37.49518451727212,1031.4652617638747,918.2363003316635
2025-02-08 20:31:23,44.07652890035631,37.494778556426034,1027.0263470831596,919.0775593155711
2025-02-08 20:46:22,43.423756588424965,37.448130706111456,1022.8313724761136,919.5676513105101
2025-02-08 21:01:22,42.955311227034755,37.35800879320654,1018.8983966697134,919.7350098378797
2025-02-08 21:16:22,42.66545653074887,37.2286903716083,1015.2506039803877,919.628993854783
2025-02-08 21:31:22,42.54203517743083,37.06565287276945,1011.8946411843399,919.3199503694177
2025-02-08 21:46:22,42.568449269455414,36.87536582253948,1008.8283058178827,918.8935076381
2025-02-08 22:01:22,42.7249741050176,36.66501195937448,1006.0436805051878,918.4445903517429
2025-02-08 22:16:22,42.99014196526781,36.44217874299544,1003.5302343010082,918.0708204601605
2025-02-08 22:31:22,43.34210291624339,36.21453646348941,1001.2776248938573,917.8657449376672
2025-02-08 22:46:22,43.75987581147032,35.98951948259364,999.2779718978728,917.9123429174581
2025-02-08 23:01:22,44.22441453002039,35.77402650669494,997.5274244421682,918.2772454068905
2025-02-08 23:16:22,44.71943103534335,35.57415426739335,996.0269116719946,919.0060525696484
2025-02-08 23:31:22,45.23193680778179,35.39497668920299,994.7820375107568,920.1200595669329
2025-02-08 23:46:22,45.75248612908845,35.24037870834509,993.8021555051771,921.6146072344583
2025-02-09 00:01:22,46.27512696974219,35.11295057868639,993.0987302591276,923.4591648025792
2025-02-09 00:16:22,46.79708627191816,35.013944969457086,992.683153418736,925.5991358151284
2025-02-09 00:31:23,47.318813919570744,34.94323254301274,992.5642647091069,927.9619753626898
2025-02-09 01:01:22,48.36653313236191,34.88071094381718,993.2232166919536,932.9653442213202
2025-02-09 01:16:22,48.89999271053924,34.88297001945018,993.9835375792029,935.4052872533985
2025-02-09 01:31:22,49.443700310865886,34.90233491702543,995.001961111191,937.6665429112088
2025-02-09 01:46:22,49.99954879794129,34.93412512695132,996.2423649122194,939.6570104783851
2025-02-09 02:01:22,50.567925950025284,34.97333242507131,997.6574419231737,941.3000022190859
2025-02-09 02:16:22,51.14745344205397,35.01483212038905,999.1900090597366,942.5390311879404
2025-02-09 02:31:22,51.7349505718112,35.05357852554353,1000.7752300470329,943.3412493678776
2025-02-09 02:46:22,52.325621603733985,35.08477674698894,1002.3436390886209,943.6993153430836
2025-02-09 03:01:22,52.91344635605727,35.10402516038814,1003.8247841167703,943.631577254441
2025-02-09 03:16:22,53.491736171332285,35.10742538891087,1005.1512523824723,943.1805705714121
2025-02-09 03:31:22,54.053803026386035,35.09165905473619,1006.2628014697102,942.4099435081754
2025-02-09 03:46:22,54.593679325869516,35.05403285115563,1007.1102986409688,941.400028038908
2025-02-09 04:01:22,55.10682070527786,34.99249542787945,1007.6591726945505,940.2423643441746
2025-02-09 04:16:22,55.59072433662451,34.90563107060025,1007.8921055291181,939.0335550861874
2025-02-09 04:31:22,56.0454008209099,34.792636098569325,1007.8107342373378,937.8688686077518
2025-02-09 04:46:22,56.473648371504815,34.65328426312143,1007.4361960522651,936.8360241796645
2025-02-09 05:01:22,56.881092901738576,34.487887203694505,1006.8084238837972,936.0095769089886
2025-02-09 05:16:22,57.275975733866424,34.29725526110088,1005.9841844653089,935.4462761033387
2025-02-09 05:31:22,57.66869063035929,34.082662746299135,1005.0339384867793,935.1817018000772
2025-02-09 05:46:22,58.071092236537964,33.84582023886712,1004.0376864792484,935.2283946628753
2025-02-09 06:01:22,58.495617281742625,33.588854792748236,1003.0800396701433,935.5755907275417
2025-02-09 06:16:22,58.9542765596028,33.314297211270066,1002.2448160709503,936.1905616585988
2025-02-09 06:46:22,60.01353307764193,32.72450010437425,1001.2399563524192,938.0013940043114
2025-02-09 07:16:22,61.29705684424502,32.104429915750096,1001.4759874342175,940.0971973070815
2025-02-09 07:31:22,62.020360543429526,31.793361136406393,1002.1174863440687,941.0529338549796
2025-02-09 07:46:22,62.78700596829262,31.487713177382528,1003.0927784333367,941.8491542213507
2025-02-09 08:01:22,63.58260533092527,31.192340482956105,1004.3608248677505,942.4268116677819
2025-02-09 08:16:22,64.38835466347624,30.912207334579776,1005.8587985052092,942.7436623197002
2025-02-09 08:31:22,65.1818275492192,30.652272749860067,1007.5054134141,942.7771852014196
2025-02-09 08:46:22,65.93806745984327,30.417356291079578,1009.2055473397047,942.5260527423061
2025-02-09 09:01:22,66.63092108900318,30.211989347024264,1010.8558944742646,942.0100547548126
2025-02-09 09:16:22,67.23453618850849,30.04025830816586,1012.3513132631715,941.2684878331378
2025-02-09 09:31:22,67.72493318105256,29.90564756106229,1013.5914818700708,940.3571300350126
2025-02-09 09:46:22,68.08155125381155,29.810891266642525,1014.4874458764419,939.3440201477898
2025-02-09 10:01:22,68.28866752785764,29.757843327316685,1014.9676411556692,938.3043448973601
2025-02-09 10:16:22,68.3365924938417,29.747374735454258,1014.9829999899326,937.3148003141773
2025-02-09 10:31:22,68.22255607548416,29.77930660330574,1014.5107991584892,936.4478307766001
2025-02-09 10:46:22,67.95121582053956,29.852385628243542,1013.5569819363297,935.766158415969
2025-02-09 11:01:22,67.53474082005945,29.964306622603445,1012.1567772278545,935.3179958895246
2025-02-09 11:16:22,66.99245065081794,30.11178415601396,1010.3735427195679,935.1332884365346
2025-02-09 11:31:22,66.3500163166996,30.29067247180598,1008.2958684880757,935.2212597333007
2025-02-09 11:46:22,65.63825803571186,30.496129838735918,1006.0330858850682,935.5694453756691
2025-02-09 12:01:22,64.89160097395207,30.72282057912812,1003.7094268722147,936.1442940199635
2025-02-09 12:16:22,64.1462729470318,30.96514537224292,1001.4571648952631,936.8933064771343
2025-02-09 12:31:22,63.43834609527399,31.21748827073784,999.4091341078177,937.7485749858396
2025-02-21 08:06:14,78.77027536945857,31.200656329582834,1098.75758846181,959.1535263275505
2025-02-21 08:21:06,79.71098146598241,30.85922339667787,1099.807774377062,958.7814166621492
2025-02-21 08:36:06,80.63173153457522,30.537404490066805,1100.988725468855,958.1154214216878
2025-02-21 08:51:06,81.49850882842532,30.243120334371355,1102.1939632958206,957.163240081229
2025-02-21 09:06:06,82.28505568949566,29.98080493332474,1103.319376226526,955.9512739949374
2025-02-21 09:21:06,82.96591290591059,29.754396553825032,1104.2610962105234,954.524622424736
2025-02-21 09:36:06,83.51799423274656,29.56718248079052,1104.9221654629473,952.9436518864164
2025-02-21 09:51:06,83.92210330652213,29.421655498886896,1105.218962693667,951.279457630794
2025-02-21 10:06:06,84.16429226844996,29.31939153005691,1105.0869768713237,949.6085429766604
2025-02-21 10:21:06,84.23696812332287,29.2609573931481,1104.4855499304444,948.007097398807
2025-02-21 10:36:06,84.13966599526789,29.245856575844314,1103.4012680095523,946.5452829131107
2025-02-21 10:51:06,83.87942728236763,29.272519156115308,1101.849760247158,945.2819382905957
2025-02-21 11:06:06,83.47074409789923,29.33833973242251,1099.8757600384783,944.2600821240608
2025-02-21 11:21:06,82.93505790058856,29.43976452282992,1097.5513899068453,943.5035405325546
2025-02-21 11:36:06,82.29982814476448,29.5724258525046,1094.972741063686,943.0149472251975
2025-02-21 11:51:06,81.59721434438454,29.73131925003702,1092.2537411529665,942.7752680828274
2025-02-21 12:06:06,80.86244032765501,29.91101551985713,1089.5235052778362,942.7448959511912
2025-02-21 12:21:06,80.1319309629563,30.105897650190563,1086.9156826043704,942.8662512961826
2025-02-21 12:36:06,79.44132783855191,30.310410431252272,1084.5620531838874,943.067718391595
2025-02-21 12:51:06,78.82350012293134,30.519309352972222,1082.5848999494635,943.2686520990156
2025-02-21 13:06:06,78.3066694119363,30.7278948374452,1081.0897915742255,943.3851136531091
2025-02-21 13:21:06,77.91276253926483,30.932218198699346,1080.159205371532,943.3359405287557
2025-02-21 13:36:06,77.65609428868486,31.129246935908693,1079.8473704237747,943.0487291890327
2025-02-21 13:51:06,77.54246339454492,31.31697887889293,1080.176638686868,942.4653122362718
2025-02-21 14:06:06,77.5687212759553,31.494497678519853,1081.1356004095946,941.5463430965283
2025-02-21 14:21:06,77.72284507708497,31.661965073609444,1082.6790556825792,940.2746598375451
2025-02-21 14:36:06,77.98451651959094,31.820549267940493,1084.7298428868517,938.6571811199965
2025-02-21 14:51:06,78.32617769940705,31.972292439704713,1087.182414272873,936.7251861231421
2025-02-21 15:06:06,78.71450618113919,32.11992412573926,1089.9079457911753,934.5329398955314
2025-02-21 15:21:06,79.1122263827959,32.26663060815664,1092.7606790979744,932.1547384343634
2025-02-21 15:36:06,79.48015389825507,32.41579327230059,1095.5851238197872,929.6805562643553
2025-02-21 15:51:06,79.77935535762121,32.57071102197319,1098.223701924555,927.2105758924504
2025-02-21 16:06:06,79.9732995616928,32.73432308587889,1100.524396128556,924.8489566001658
2025-02-21 16:21:06,80.02987636143136,32.90894882822022,1102.3479714848104,922.69725427647
2025-02-21 16:36:06,79.9231680385375,33.096060462535746,1103.5743730135132,920.8479305054622
2025-02-21 16:51:06,79.63487321582252,33.296102886501075,1104.1079598107078,919.3783860516324
2025-02-21 17:06:06,79.15530461727056,33.50837229296729,1103.8813135247485,918.3459213192751
2025-02-21 17:21:06,78.4839079321537,33.730961919662505,1102.8574511978827,917.7839663870571
2025-02-21 17:36:06,77.62927795104746,33.96077946868506,1101.0291580645292,917.6998397897858
2025-02-21 17:51:06,76.60867822342809,34.19363657929094,1098.4215480548432,918.0741939722426
2025-02-21 18:06:06,75.44709981034079,34.42440653001275,1095.0858332315854,918.8621929860522
2025-02-21 18:21:06,74.17592145724377,34.647242393706215,1091.0966690570813,919.9963521720084
2025-02-21 18:36:06,72.8312560365467,34.85584389424681,1086.5472885795043,921.3908580678691
2025-02-21 18:51:06,71.45208504925107,35.043759258485075,1081.5439781398966,922.9470871243303
2025-02-21 19:06:06,70.07829331102727,35.204704956566694,1076.2002586960914,924.5599608222255
2025-02-21 19:21:06,68.74871918494819,35.332886054802415,1070.6311388542408,926.1247178820918
2025-02-21 19:36:06,67.4993317166702,35.42329939972643,1064.947783617867,927.5436554144728
2025-02-21 19:51:06,66.36163518515997,35.47200283391076,1059.2528988342901,928.732392037897
2025-02-21 20:06:06,65.36138473556677,35.476335533331415,1053.637068925648,929.6252371485707
2025-02-21 20:21:06,64.51767509632259,35.43507730396137,1048.1762094377978,930.1793096426903
2025-02-21 20:36:06,63.84243937237967,35.34853811274019,1042.9302116356153,930.3771325171841
2025-02-21 20:51:06,63.34036830197785,35.21857304188268,1037.942770159985,930.2275313121311
2025-02-21 21:06:06,63.009233854544696,35.04852201316692,1033.2423022996027,929.7647775381647
2025-02-21 21:21:06,62.84057641632403,34.84307777595556,1028.84379464749,929.0460354120378
2025-02-21 21:36:06,62.820693600523825,34.60808954516881,1024.751354556075,928.1472835333961
2025-02-21 21:51:06,62.93185225604134,34.35031308921526,1020.9612037987263,927.1579849805494
2025-02-21 22:06:06,63.15363449146855,34.077120794789856,1017.4648323079002,926.1748627663619
2025-02-21 22:21:06,63.4643240667748,33.796187146151055,1014.2520321910741,925.2951971589723
2025-02-21 22:36:06,63.84224144597744,33.51516603417835,1011.3135553202063,924.6100929517365
2025-02-21 22:51:06,64.26694386491636,33.24137632769609,1008.6431798215633,924.1981662971208
2025-02-21 23:06:06,64.7202202199776,32.98151121756388,1006.2377786561432,924.1200721170142
2025-02-24 08:04:40,75.91233099265398,29.28328286712313,872.7509550938388,965.7789724106846
2025-02-24 08:19:33,76.6013354156787,29.016216538116282,873.8866539751267,965.8080027311495
2025-02-24 08:34:33,77.2696623014325,28.770004997251853,875.1821823162481,965.5478620576943
2025-02-24 08:49:33,77.88668567092166,28.551574566829977,876.5323999008422,965.0005254618948
2025-02-24 09:04:33,78.42633676582997,28.365358777360335,877.833355815024,964.1901939790012
2025-02-24 09:19:33,78.86318402382494,28.215311154209335,878.9806509312127,963.1600458079164
2025-02-24 09:34:33,79.17400760343479,28.10474932241345,879.8761055944444,961.9689358234383
2025-02-24 09:49:33,79.33932682016791,28.036209875871453,880.4342302748014,960.6869576599759
2025-02-24 10:04:33,79.3447794959471,28.01132342851752,880.588085229349,959.3901870145861
2025-02-24 10:19:33,79.18225825034122,28.03071890682336,880.2941459432416,958.1549825493562
2025-02-24 10:34:33,78.85072126045841,28.093965108215396,879.5358468530002,957.0522522641845
2025-02-24 10:49:33,78.3566133078465,28.199555873172493,878.3255533349843,956.1420962396787
2025-02-24 11:04:33,77.7138559134408,28.344942986794003,876.7048063522275,955.4692109844996
2025-02-24 11:19:33,76.9433916282283,28.526618263102268,874.7427896410192,955.0593880193192
2025-02-24 11:34:33,76.07229540975784,28.74024334172691,872.5330792014652,954.9173634080227
2025-02-24 11:49:33,75.13249370314526,28.980822723604472,870.1888421123576,955.0261808870044
2025-02-24 12:04:33,74.15915752724399,29.24291269613187,867.8367495024452,955.3481255823979
2025-02-24 12:19:33,73.18885785761412,29.520856243051668,865.6099505335412,955.8271752811006
2025-02-24 12:34:33,72.25758838786302,29.80903199174064,863.6405151997989,956.3928094689069
2025-02-24 12:49:33,71.39877121794062,30.102103865896268,862.0517896783691,956.9649202444788
2025-02-24 13:04:33,70.64136435251568,30.395257512931853,860.951116460667,957.4594904406963
2025-02-24 13:19:33,70.00818582466086,30.684409823622012,860.4233520065441,957.7946483368657
2025-02-24 13:34:33,69.51455794335385,30.966378971848695,860.5239263189726,957.8966791539913
2025-02-24 13:49:33,69.16735724434078,31.239004332516366,861.2799707252861,957.7055732094874
2025-02-24 14:04:34,68.96438394512744,31.50149373841804,862.6852269517277,957.1789393667731
2025-02-24 14:19:33,68.89512375973733,31.752995198650165,864.6919332929689,956.2994077955365
2025-02-24 14:34:33,68.93979193169795,31.995386294642874,867.2315323960581,955.0688868929753
2025-02-24 14:49:33,69.0718250474516,32.23029330982373,870.1990069743738,953.5168134257977
2025-02-24 15:04:33,69.25857449617477,32.460337056453945,873.4673778232225,951.6950476749954
2025-02-24 15:19:33,69.46323578236037,32.68862084115072,876.8920281689808,949.6758551431319
2025-02-24 15:34:37,69.64758461600955,32.919501416176274,880.3328281569346,947.5381307874484
2025-02-24 15:49:33,69.77057682269871,33.153162237652495,883.5867934900638,945.4098107038693
2025-02-24 16:04:33,69.79761321233967,33.39563569000239,886.5456748772416,943.3661371920456
2025-02-24 16:19:33,69.6954703739439,33.64824022280894,889.0533222079674,941.5186586870794
2025-02-24 16:34:33,69.43765603414116,33.912499103838535,890.9871449245558,939.9609272197278
2025-02-24 16:49:33,69.00516208595587,34.188924809603584,892.24848809587,938.7720147644067
2025-02-24 17:04:33,68.38750918234634,34.4768911495537,892.7665979879704,938.0113608871286
2025-02-24 17:19:33,67.58331658189174,34.774571834642856,892.5010049907503,937.7148580726076
2025-02-24 17:34:33,66.60037034552118,35.07895043492321,891.442243861251,937.8924434613224
2025-02-24 17:49:33,65.45519302554007,35.3859025466447,889.6109338162817,938.52736600905
2025-02-24 18:04:33,64.17214747393304,35.6903467762309,887.0553394697941,939.5771865536805
2025-02-24 18:19:33,62.78213451541299,35.98645709466188,883.8476217838102,940.976452426722
2025-02-24 18:34:33,61.320967229151385,36.26792548488437,880.079060446088,942.6408759499708
2025-02-24 18:49:33,59.82752217774892,36.528260788815075,875.8545812320458,944.4727449433781
2025-02-24 19:04:33,58.341778968668265,36.76110747269609,871.2869508623005,946.3672101591218
2025-02-24 19:19:33,56.9028635085954,36.960566781352014,866.4893484747978,948.2190349806356
2025-02-24 19:50:09,54.26010712688098,37.243615685725345,856.4512144773673,951.465579175071
2025-02-24 20:05:09,53.16780472314824,37.3146082893996,851.6067776977444,952.6397217157869
2025-02-24 20:20:09,52.23788521873683,37.33870424711975,846.9207696847579,953.4714455070584
2025-02-24 20:35:09,51.48280919482938,37.31608094696957,842.4538552100754,953.9415021039467
2025-02-24 20:50:09,50.90778254591949,37.248463154214534,838.2504834372397,954.056942656695
2025-02-24 21:05:09,50.51105536904666,37.13906746568243,834.3397424302493,953.8503720629307
2025-02-24 21:20:09,50.28458769956232,36.992474686543325,830.7371533566196,953.3774992857594
2025-02-24 21:35:09,50.21502134597265,36.814437282012456,827.4471850046727,952.7131485698633
2025-02-24 21:50:09,50.284880274618345,36.6116325038156,824.4662278956044,951.9459990489933
2025-02-24 22:05:09,50.47391086374262,36.39137457080059,821.785746521484,951.1724050666077
2025-02-24 22:20:09,50.76046846876741,36.16130124747758,819.3953291124354,950.489710740376
2025-02-24 22:35:09,51.122858284207695,35.92905119924377,817.2853761419693,949.9895057217232
2025-02-24 22:50:09,51.54054617590727,35.70194858694464,815.4492097782794,949.7512725849316
2025-02-24 23:05:09,51.99516829300015,35.486710496706145,813.8844429994842,949.8368495337054
2025-02-24 23:20:09,52.47128581470662,35.289191068380575,812.5935148493414,950.2860770010443
2025-02-24 23:35:09,52.95685179636421,35.114173716356596,811.5833720149031,951.1139169781303
2025-03-08 18:42:21,51.1341370769574,36.47901763551204,982.302222157296,905.9113374619506
2025-03-08 18:42:37,51.106152075290495,36.48391060046288,982.2304979544427,905.9478521595564
2025-03-08 18:57:32,49.54486757987695,36.7438446680951,978.0292717361075,908.0341801832096
2025-03-08 19:12:32,48.00951020945295,36.973908221546914,973.5065613775392,910.1478823415349
2025-03-08 19:27:32,46.546727713034805,37.1670376923406,968.7981029238164,912.1747891040019
2025-03-08 19:42:32,45.19082728755193,37.318611510516156,964.0098765246623,914.022116819836
2025-03-08 19:57:32,43.971049823590874,37.42517187415449,959.240534569527,915.6125504063965
2025-03-08 20:12:32,42.910439409852515,37.48462023663452,954.5739714630107,916.8895459755092
2025-03-08 20:27:32,42.025104868766064,37.49634755565822,950.0786939017257,917.8206804981301
2025-03-08 20:42:32,41.32389915347429,37.461292212975195,945.8069793209714,918.3995337032578
2025-03-08 20:57:32,40.80851547322503,37.38192256165606,941.7951878204515,918.6458343011582
2025-03-08 21:12:32,40.47397313960421,37.262145241785035,938.0651034396375,918.6038618964819
2025-03-08 21:27:32,40.30944277845714,37.10714447340033,934.62611350485,918.3392124473005
2025-03-08 21:42:32,40.29934123689782,36.923161247374004,931.4779838713306,917.934144408143
2025-03-08 21:57:32,40.424612404936695,36.717224477532206,928.6139564918127,917.4818174384194
2025-03-08 22:12:33,40.66442356653168,36.49659852767556,926.0211559930697,917.0794266049163
2025-03-08 22:27:32,40.99593317594632,36.269713373678904,923.697139627491,916.8233450976572
2025-03-08 22:42:32,41.398792629931656,36.04334308028743,921.6250295535025,916.7986897824976
2025-03-08 22:57:32,41.853050992448345,35.82480017805586,919.8025694949663,917.0771474849454
2025-03-08 23:12:32,42.34165220604759,35.620409348629174,918.2294430229878,917.7100650029298
2025-03-08 23:27:32,42.85072945664197,35.4355240125411,916.9101160780571,918.7251731048564
2025-03-08 23:42:32,43.36992498580646,35.27434548860757,915.8531139110302,920.1245072498469
2025-03-08 23:57:32,43.892413944746664,35.13980148069999,915.0695510984337,921.8840438485179
2025-03-09 00:12:32,44.414653939232075,35.03348710659798,914.5710680237,923.9550731097899
2025-03-09 00:27:32,44.9359010256415,34.9556681436946,914.3673788464131,926.2672133628445
2025-03-09 00:42:32,45.45754847706049,34.90534281668697,914.4636710460226,928.7328622066805
2025-03-09 00:57:32,45.98235544884512,34.880355480001676,914.8581124716793,931.2527843361061
2025-03-09 01:12:32,46.51363814251934,34.877553128091435,915.5397172976152,933.7224608054177
2025-03-09 01:27:32,47.05449586663834,34.89297392619261,916.4853971419705,936.038960189913
2025-03-09 01:42:32,47.60713866574554,34.92205596787632,917.663383140744,938.1069588728386
2025-03-09 01:57:32,48.17237246449964,34.95985426277449,919.0291399208154,939.8453274620568
2025-03-09 02:12:32,48.74928280798401,35.001254507993096,920.5278318229348,941.192031191158
2025-03-09 02:27:32,49.33514047609627,35.041173425789,922.0963199980375,942.1079379455155
2025-03-09 02:42:32,49.92553287198233,35.07473723630139,923.6659961248043,942.5791025717523
2025-03-09 02:57:32,50.51470561851276,35.097432026247624,925.166287913937,942.6173849982814
2025-03-09 03:12:31,51.09544160076566,35.105223152330815,926.5271988263602,942.2599702304649
2025-03-09 03:27:31,51.6622830678218,35.09465872393271,927.6893468979673,941.5646229297664
2025-03-09 03:42:31,52.20835710433021,35.06286469611947,928.5987914146067,940.6080658513409
2025-03-09 03:57:32,52.7292529527752,35.007549662072265,929.2174471599311,939.4782146886658
2025-03-09 04:12:31,53.22020448262885,34.92736161441508,929.5218173895556,938.274923255376
2025-03-09 04:27:31,53.682229809232616,34.821117570503155,929.510118542807,937.0904672011434
2025-03-09 04:42:31,54.1168355273596,34.68852181026988,929.1979842776523,936.0163842205807
2025-03-09 04:57:31,54.52893180952486,34.529751749659376,928.6206608794563,935.1310958387655
2025-03-09 05:12:31,54.92612306289916,34.34549327857511,927.8308490669166,934.496297965319
2025-03-09 05:27:31,55.31830800232816,34.136904574731325,926.895854113693,934.1532449499456
2025-03-09 05:42:31,55.717043555376165,33.905586444769924,925.893672044305,934.1204812219189
2025-03-09 05:57:31,56.134709194174675,33.65356051366453,924.9082329143671,934.3931595823772
2025-03-09 06:12:31,56.583525760850016,33.383254856040395,924.024087407672,934.9439755105134
2025-03-09 06:27:31,57.074496750046734,33.09749503720954,923.3208703287016,935.7256357097974
2025-03-09 06:42:31,57.61634923657317,32.7994971524354,922.8679003672913,936.6746741473654
2025-03-09 06:57:31,58.21455539136956,32.49285844795551,922.7192775288355,937.7163372670906
2025-03-09 07:12:31,58.870513413214695,32.18154057664413,922.9084368113014,938.7704169445968
2025-03-09 07:27:31,59.58095872325725,31.869840539408887,923.4493534762387,939.7564889920577
2025-03-09 07:42:31,60.33766285310501,31.562344905379916,924.330822251306,940.6004284130622
2025-03-09 07:57:31,61.127459429291534,31.263863960967875,925.5177580839252,941.2395041852891
2025-03-09 08:12:31,61.93261516899129,30.979343939959627,926.9526648927854,941.6268269582235
2025-03-09 08:27:31,62.731540307600824,30.71375731327445,928.5586012811899,941.734612814659
2025-03-09 08:42:31,63.49980895213108,30.471973141017386,930.2434929124637,941.5560393391481
2025-03-09 08:57:31,64.21143716987397,30.2586115406975,931.9055502326314,941.1055697945816
2025-03-09 09:12:31,64.84034678161244,30.07788823925559,933.4394731545232,940.4177291837872
2025-03-09 09:27:31,65.36192727638196,29.933456790539246,934.743066513442,939.5444248776855
2025-03-09 09:42:31,65.75459815912701,29.828257208946237,935.7238556142929,938.5510067986918
2025-03-09 09:57:31,66.00127023422291,29.76438037044941,936.3052826646029,937.5113507502147
2025-03-09 10:12:31,66.09060719220315,29.74295749397564,936.4320831946216,936.5023172671462
2025-03-09 10:27:31,66.01799839322376,29.76408329651442,936.0744858898486,935.5979825561423
2025-03-09 10:42:31,65.78616943007346,29.826780030589372,935.230947064432,934.8640545943933
2025-03-09 10:57:31,65.40537799259569,29.929007629549417,933.9292181311242,934.3528751752887
2025-03-09 11:12:31,64.89316748026383,30.06772270505868,932.2256455315244,934.0993683599557
2025-03-09 11:27:31,64.27367813957552,30.238986319284606,930.202711257511,934.1182302476451
2025-03-09 11:42:31,63.57654349993817,30.43811746366526,927.9649314550251,934.4025686919942
2025-03-09 11:57:31,62.83542673234114,30.659886213573134,925.6333337006196,934.9241004910509
2025-03-12 08:30:59,67.18623445152585,30.329242260914405,905.7247342462902,936.8654317726902
2025-03-12 08:45:51,67.7473367206448,30.113450041600068,909.5870938743274,936.3010561622912
2025-03-12 09:00:51,68.24414308362255,29.926803201974124,913.4560716382125,935.4727394356515
2025-03-12 09:15:51,68.6456249696239,29.775460188553566,917.1928506536153,934.422348848426
2025-03-12 09:30:51,68.9278418646254,29.66292041332275,920.6966805867359,933.2052665558934
2025-03-12 09:45:51,69.07022566942074,29.59193649952422,923.8779467441144,931.8892945497677
2025-03-12 10:00:51,69.05700580415149,29.564383472564682,926.664217722667,930.5495667484952
2025-03-12 10:30:51,68.53158097708341,29.642095215696433,930.877579821186,928.1021396798651
2025-03-12 11:45:51,64.68610687269263,30.531101236259573,934.3588034257307,925.8261226531607
2025-03-12 12:00:51,63.66762968018896,30.797703231613617,934.4672182502118,926.1411820492941
2025-03-12 12:15:51,62.64415932231436,31.081742555320552,934.6589123488952,926.6387186374961
2025-03-12 12:30:51,61.65199391807064,31.377574995644586,935.0665244946124,927.2513513688334
2025-03-12 12:45:51,60.725347799998154,31.6797805231848,935.8158397163088,927.9008117917376
2025-03-12 13:00:51,59.894422999359406,31.983404261514597,937.0183780613487,928.5034674820781
2025-03-12 13:15:51,59.183669809167036,32.28417385610642,938.7646774327671,928.9763222144295
2025-03-12 13:30:51,58.61034336769812,32.578680314762636,941.1186707174236,929.2430776289093
2025-03-12 13:45:51,58.183446821695554,32.86451113104689,944.1134927233365,929.2398336292098
2025-03-12 14:00:51,57.90312941987081,33.1403269900968,947.7489670629188,928.9200263800935
2025-03-12 14:30:51,57.738436496292614,33.661946600841425,956.7723785598064,927.252699503755
2025-03-12 15:00:51,57.948922094011834,34.15326230005217,967.5413460001265,924.3244536588799
2025-03-12 15:15:51,58.114225690999376,34.39399331549983,973.2655282282561,922.5155651455003
2025-03-12 16:30:52,58.036298097646146,35.674126420118974,999.1962625790056,913.6284519904435
2025-03-12 17:00:55,57.00659387834575,36.26233181149169,1005.7928089297279,911.9314669529392
2025-03-12 18:15:55,51.423106399124684,37.84870938313034,1008.5770965647902,915.694851041711
2025-03-22 13:23:21,62.3189524553986,30.362973342999453,907.1116069626771,918.8655229857566
2025-03-22 13:38:14,61.67000195633608,30.66752632066752,907.8232787183001,918.8989517198503
2025-03-22 13:53:14,61.167334097743876,30.96437711087519,909.1870097159201,918.6393959299863
2025-03-22 14:08:14,60.812431720065845,31.250274756281016,911.182713135069,918.0490511585595
2025-03-22 14:23:14,60.592277863561776,31.525463156152927,913.7597361607802,917.1139311341938
2025-03-22 14:38:14,60.48567604280065,31.7911781275339,916.8358698732346,915.8442675441793
2025-03-22 14:53:14,60.464369672903075,32.0495067680298,920.3011587287486,914.2745544753483
2025-03-22 15:08:14,60.49457043929615,32.30319393747167,924.0232063783409,912.4619419795218
2025-03-22 15:23:14,60.53880936983209,32.55540642707519,927.8536645107686,910.4830689493167
2025-03-22 15:38:14,60.55800485052964,32.80946813516099,931.6355247255798,908.4295326925711
2025-03-22 15:53:14,60.51362875478548,33.06858156779259,935.2107907815802,906.4022869661347
2025-03-22 16:08:14,60.36984606072376,33.335552098324065,938.4280925352633,904.5053352051789
2025-03-22 16:23:14,60.09550515308017,33.61253155861685,941.1498139354177,902.8391361717894
2025-03-22 16:53:14,59.06396421978426,34.20057768035235,944.6611262578515,900.5450383399242
2025-03-22 17:08:14,58.2815499158026,34.510944048114624,945.2942415331438,900.0456699785474
2025-03-22 17:32:00,56.67774979309544,35.01873336666368,944.6511497583643,900.2383698682232
2025-03-22 17:32:59,56.602278712428465,35.04000503511146,944.5810299590017,900.2724161292748
2025-08-31 18:42:03,42.27146539381796,36.678349284712816,292.2564777226111,987.0263099261185
2025-08-31 18:48:48,41.73567841598865,36.768079235753056,290.01266948092456,988.0301073270691
2025-08-31 18:49:46,41.65895450257177,36.78048767367001,289.68490645531256,988.1752407590184
2025-08-31 18:50:18,41.61663771748399,36.78728430559519,289.503419871102,988.255427570172
2025-08-31 19:00:29,40.8130061667186,36.909936485750045,285.9565260309789,989.7952160009469
2025-08-31 19:04:26,40.50509864118295,36.9536299272865,284.5436425660383,990.3926499690037
2025-08-31 19:06:35,40.338806377699974,36.976439989629704,283.76710921923376,990.7167656248116
2025-08-31 19:09:05,40.146785177104384,37.00207415333747,282.858084897635,991.092184952012
2025-08-31 19:42:32,37.796289001985315,37.24207132549031,270.31612549189845,995.7458944260973
2025-08-31 20:12:32,36.2184558307527,37.272217749492484,259.081532838653,998.8451567294288
2025-08-31 20:42:32,35.3048892722415,37.11605489191222,248.50182501799125,1000.5542901846051
2025-08-31 21:12:32,35.09681799133812,36.78750960712897,238.93828449835655,1000.9252651604115
2025-08-31 21:42:32,35.53148511962157,36.32295821907963,230.52564741061303,1000.3899239664224
2025-08-31 22:12:32,36.47165730516206,35.77528766622371,223.2472786807832,999.6379615603684
2025-08-31 22:41:51,37.715129626453646,35.217795664460574,217.16073853381891,999.4212616007629
2025-08-31 23:11:47,39.15641220701971,34.68272077106091,211.946046755051,1000.3370027120881
2025-08-31 23:41:47,40.651414095002785,34.22753932605685,207.7529333043579,1002.7223056787043
2025-09-01 00:11:47,42.125843253375976,33.882642512182066,204.6731744048837,1006.5002498982792
2025-09-01 00:41:47,43.559537916074774,33.65634814649098,202.79283184189666,1011.2108819439507
2025-09-01 08:25:49,61.705260400965216,28.89046788544306,196.44971694088377,1020.092995254638
2025-09-01 08:55:45,62.9407328278462,28.45065332963879,199.10018556692677,1019.0611379323894
2025-09-01 09:25:44,63.82791783456314,28.14497991743324,201.38668077366881,1017.0581720562554
2025-09-01 09:55:44,64.18168307064508,28.000795537791525,202.53394524656335,1014.5309063525784
2025-09-01 10:25:44,63.88599791878505,28.03173191340198,202.00512869272598,1012.0694634535932
2025-09-01 10:55:44,62.928746859974325,28.235038215114002,199.65427232119276,1010.2305710498883
2025-09-01 11:25:44,61.41489788811716,28.591273008820806,195.78937802942102,1009.3731054557289
2025-09-01 11:55:46,59.551214762991364,29.067348082096707,191.1240523905699,1009.5485104073746
2025-09-01 12:25:44,57.61838153989841,29.618914766001286,186.65934706702814,1010.473891978837
2025-09-01 12:55:44,55.89293680967045,30.20338212142547,183.41635861575446,1011.6103004171056
2025-09-01 13:25:44,54.60733247910978,30.781853529022726,182.25289251393934,1012.303768681766
2025-09-01 13:55:45,53.88657414328952,31.328861595858413,183.63615638343484,1011.9731927399589
2025-09-01 14:25:44,53.72121579265969,31.834154102035995,187.51912030143478,1010.2839301749378
2025-09-01 14:55:44,53.96433351010125,32.30573509747795,193.34351156017817,1007.2529454884218
2025-09-01 15:25:44,54.3638549647009,32.76318181476508,200.12523126243315,1003.2721299187087
2025-09-01 15:55:44,54.615532766923124,33.23221449049446,206.65097213422447,999.0235502902273
2025-09-01 16:25:44,54.429449315765176,33.73590014606188,211.71110026857485,995.3177590915781
2025-09-01 16:55:44,53.59340100208283,34.28650180111101,214.32637135270426,992.8928931068314
2025-09-01 17:25:44,52.01915766611695,34.87963572447394,213.91777172835987,992.2276156284483
2025-09-01 17:55:44,49.761495073292416,35.492215340501446,210.38559915558145,993.4174464334963
2025-09-01 18:25:44,47.00639062402649,36.08482015501207,204.0867387903287,996.1478102011338
2025-09-01 18:55:44,44.0319918976991,36.60811797348333,195.72348458353184,999.7719049951128
2025-09-01 19:19:49,41.69806455426095,36.94397025615722,188.11020695406097,1002.776870484611
2025-09-01 19:49:44,39.11272493775125,37.221176014849355,178.28459060496056,1005.9620457259365
2025-09-01 20:49:44,35.74145625170704,37.231115934094156,160.04003435181963,1008.607287691173
2025-09-01 21:19:44,35.108819210900336,36.97719251429809,152.49933874769062,1007.9503008155818
2025-09-01 21:49:44,35.101364420009816,36.59772874875169,146.2009589324665,1006.5322480992791
2025-09-01 22:19:44,35.57151804209269,36.14794870560255,141.10362860513456,1005.0787104883537
2025-09-01 22:49:44,36.348498614701526,35.68831834333431,137.1319700920544,1004.3335560453537
2025-09-01 23:19:44,37.278017800103385,35.27458556131137,134.25073933113558,1004.855995560945
2025-09-01 23:49:44,38.25003675417904,34.94917468417275,132.49509815952925,1006.8665393513122
2025-09-02 00:19:44,39.20918014197898,34.735498377065696,131.94971316784466,1010.1821252699067
2025-09-02 00:49:44,40.14767895934281,34.63602616104946,132.6870615158295,1014.2571224038206
2025-09-02 01:19:44,41.085621365383005,34.634096480987466,134.68926907050192,1018.3190393766712
2025-09-02 01:49:45,42.04703960075761,34.69873577935975,137.7859587381603,1021.5644090500443
2025-09-02 02:19:44,43.036703495588554,34.79085611694132,141.62143506359425,1023.353585918465
2025-09-02 02:49:44,44.03575402845763,34.870372139560466,145.70748167916312,1023.3820365634352
2025-09-02 03:19:44,45.0000393144535,34.90133067296837,149.49065763580202,1021.7371674815557
2025-09-02 03:49:44,45.87834860441406,34.85593089863694,152.48312852856702,1018.873743105705
2025-09-02 04:19:44,46.63335033566848,34.7162487342863,154.38352268156657,1015.4874086757472
2025-09-02 04:49:44,47.26106851210122,34.47433396539043,155.1657750068557,1012.3307353918577
2025-09-02 05:19:44,47.80073179566964,34.13130192931385,155.1049276995944,1010.0197578492629
2025-09-02 05:49:44,48.330150144115805,33.69614994012019,154.72640530018504,1008.8822146045267
2025-09-02 06:19:44,48.94620746355159,33.184831036734046,154.68570243409184,1008.8868198830316
2025-09-02 06:49:44,49.7348677595011,32.619751490712744,155.6051739097638,1009.6706248468322
2025-09-02 07:19:44,50.73885505598312,32.029462333787,157.9081778198784,1010.6549269882098
2025-09-02 07:49:44,51.932722767774784,31.44803295712262,161.69417713151248,1011.2164396385629
2025-09-02 08:19:44,53.21381050016206,30.91353209020864,166.69018251162757,1010.8659165990758
2025-09-02 08:29:33,53.62495410172696,30.75547438123024,168.49377014305577,1010.5071299488892
2025-09-02 08:59:28,54.75215020085256,30.34453709964936,174.11524330433912,1008.6709728057173
2025-09-02 09:29:28,55.53339455788595,30.065328855019928,179.29770380097705,1005.914100121887
2025-09-02 09:59:28,55.78756778527543,29.944364254814467,183.26953696368304,1002.7149571851928
2025-09-02 10:29:28,55.40998994401453,29.993226750519646,185.5343293814098,999.6691896002151
2025-09-02 10:59:28,54.40225906353317,30.20713428876035,185.99863744154263,997.3178666001927
2025-09-02 11:29:28,52.88284243113503,30.564776495439528,185.02369471206984,995.98664703258
2025-09-02 11:59:28,51.07056091733832,31.0311534173405,183.36882274438267,995.685004335597
2025-09-02 12:29:28,49.24314680491727,31.563160988235612,182.03604148877218,996.0946871988137
2025-09-02 12:59:28,47.67941760534643,32.116965439009796,182.04979070321104,996.6521113928911
2025-09-02 13:29:28,46.59807727760418,32.655677864627556,184.22212674727334,996.7034249251578
2025-09-02 13:59:28,46.10752812642743,33.155637252301695,188.95805304699365,995.6906263682713
2025-09-02 14:29:28,46.178917095803484,33.609814359638825,196.1466351102384,993.3179237868095
2025-09-02 14:59:30,46.650064009600555,34.02788716058496,205.17413709847273,989.6474194803667
2025-09-02 15:29:28,47.25564240557727,34.42977801341526,214.98377098727119,985.1276869010585
2025-09-02 15:59:28,47.69014258091576,34.84297265354641,224.37999001760687,980.4535515896769
2025-09-02 16:29:28,47.66808575773323,35.289439550723614,232.15801430551076,976.4430493708693
2025-09-02 16:59:28,46.989271222853354,35.779918431971964,237.37934926121534,973.8119997269988
2025-09-02 17:29:28,45.58143387732848,36.30803063055359,239.52107758195223,972.9970126807536
2025-09-02 17:59:28,43.51549355869146,36.848757705516064,238.54236145815304,974.0424902325303
2025-09-02 18:29:28,40.99002840100843,37.361354752305935,234.84950979762561,976.5868471693469
2025-09-02 18:59:28,38.2894412992259,37.796200824362664,229.1757906021247,979.9525974945618
2025-09-02 19:29:28,35.72620577639713,38.10417274836305,222.41099841008514,983.3176009442657
2025-09-02 19:59:28,33.580808983869,38.24652974574188,215.42479395942996,985.9232459485304
2025-09-09 21:55:07,30.89349460211806,37.18131968920926,170.88927149773977,986.95101228246
2026-02-13 16:49:24,51.004054419484845,33.23537846667519,-180.2788961576892,1028.54524226598
2026-02-13 16:50:00,50.989447634501076,33.24358713477547,-180.2700058997899,1028.4934186303817
2026-02-13 16:50:19,50.98161490606447,33.24792750385586,-180.26580310102787,1028.4663480858287
2026-02-13 16:55:50,50.83140771978172,33.32441649893819,-180.24735948452778,1028.026349277909
2026-02-13 17:10:46,50.293756887742134,33.53922349799145,-180.7300371902165,1027.146682777736
2026-02-13 17:30:42,49.28414193757128,33.840039485747226,-182.6138796428869,1026.7077324169472
2026-02-13 17:31:58,49.2092243332158,33.859537310785356,-182.78140448902582,1026.7082804586828
2026-02-13 17:33:04,49.14316759771004,33.87649505371896,-182.93146397396083,1026.7114679189717
2026-02-13 17:37:49,48.84747906476234,33.949948774646664,-183.62798068667564,1026.753901816478
2026-02-13 17:42:38,48.53084522845502,34.0246954455958,-184.41381073956893,1026.843671738783
2026-02-13 17:47:28,48.196895291983054,34.09980155985723,-185.28134870557318,1026.9797493675928
2026-02-13 17:52:15,47.851249470722934,34.17405860694062,-186.2160399308416,1027.1582259441452
2026-02-13 17:54:13,47.7049752997859,34.204527192962125,-186.62184535054786,1027.2438384737004
2026-02-13 17:57:40,47.442792784864466,34.25783576515116,-187.36337166661372,1027.4106797112147
2026-02-13 17:59:37,47.29157386340839,34.28786539651127,-187.79892733352497,1027.5141207999075
2026-02-13 18:04:26,46.90919696994775,34.361630678937075,-188.92440203451102,1027.796791054743
2026-02-13 18:07:56,46.62392481695871,34.41477628631306,-189.785344123554,1028.0253699977325
2026-02-13 18:10:04,46.447191827128734,34.446943766870966,-190.32738879962943,1028.1737854673568
2026-02-13 18:10:27,46.41521609674008,34.45270393721224,-190.42614941676865,1028.2011606000076
2026-02-13 18:15:17,46.006645579774656,34.52475399801458,-191.7061554738064,1028.5640313621075
2026-02-13 18:20:06,45.59037141619978,34.59534367435719,-193.0436614584056,1028.9562907882814
2026-02-13 18:24:56,45.164757185466854,34.6647477300655,-194.44465428322064,1029.3776327131907
2026-02-13 18:29:47,44.73100808096389,34.73273397850125,-195.90630225367659,1029.8251548010953
2026-02-13 18:34:37,44.29341503955729,34.798617502546534,-197.4150004636474,1030.2924761877239
2026-02-13 18:39:27,43.851823095214144,34.862418202029716,-198.97202414382127,1030.7776981405057
2026-02-13 18:44:17,43.40756897823982,34.923920845078676,-200.573635256398,1031.2773472078427
2026-02-13 18:49:08,42.96045713571467,34.98311163099902,-202.22176163876998,1031.789671182716
2026-02-13 18:53:58,42.51490403545374,35.03937424640399,-203.90121970095396,1032.3075809179147
2026-02-13 18:58:48,42.07070562177232,35.09271249594871,-205.61373637126388,1032.8292561256249
2026-02-13 19:03:38,41.62917738862569,35.14292827365467,-207.3554391982584,1033.3511503681393
2026-02-13 19:08:28,41.19161292602993,35.189830495401736,-209.12247091091245,1033.869758707678
2026-02-13 19:13:18,40.75927763556588,35.23323614658833,-210.91100777510837,1034.381641236315
2026-02-13 19:18:09,40.33194672246348,35.273101769079744,-212.72353205599103,1034.885155287743
2026-02-13 19:22:59,39.91375169973859,35.30898903830105,-214.54387122031,1035.3735899088188
2026-02-13 19:27:49,39.50435779971296,35.340888509571826,-216.37460455945575,1035.845586104864
